candidate_name,ballot_name,candidate_id,uf,raw_party,canonical_party,DS_CARGO,DS_SITUACAO_CANDIDATURA,CD_SITUACAO_CANDIDATURA,DS_SIT_TOT_TURNO,CD_SIT_TOT_TURNO,current_loader_counts,raw_party_seat_count,canonical_party_seat_count,psc_current_winner
LEDA MARIA SADALA BRITO,LEDA SADALA,30000619275,AP,AVANTE,AVANTE,DEPUTADO FEDERAL,APTO,12,ELEITO POR QP,2,true,7,7,false
MANOEL ISIDORIO DE SANTANA JUNIOR,PASTOR SARGENTO ISIDÓRIO,50000608176,BA,AVANTE,AVANTE,DEPUTADO FEDERAL,APTO,12,ELEITO POR QP,2,true,7,7,false
CARLOS TITO MARQUES CORDEIRO,TITO,50000608186,BA,AVANTE,AVANTE,DEPUTADO FEDERAL,APTO,12,ELEITO POR QP,2,true,7,7,false
LUIS HENRIQUE DE OLIVEIRA RESENDE,LUIS TIBE,130000606453,MG,AVANTE,AVANTE,DEPUTADO FEDERAL,APTO,12,ELEITO POR QP,2,true,7,7,false
ANDRE LUIS GASPAR JANONES,ANDRE JANONES,130000606459,MG,AVANTE,AVANTE,DEPUTADO FEDERAL,APTO,12,ELEITO POR QP,2,true,7,7,false
GREYCE DE QUEIROZ ELIAS,GREYCE ELIAS,130000606513,MG,AVANTE,AVANTE,DEPUTADO FEDERAL,APTO,12,ELEITO POR QP,2,true,7,7,false
JOÃO FRANCISCO INÁCIO BRAZÃO,CHIQUINHO BRAZÃO,190000616200,RJ,AVANTE,AVANTE,DEPUTADO FEDERAL,APTO,12,ELEITO POR MÉDIA,3,true,7,7,false
LUIZ ANTONIO DA COSTA CARVALHO CORREA DA SILVA,LUIZ ANTÔNIO,190000625195,RJ,DC,DC,DEPUTADO FEDERAL,APTO,12,ELEITO POR QP,2,true,1,1,false
ALAN RICK MIRANDA,ALAN RICK,10000602509,AC,DEM,DEM,DEPUTADO FEDERAL,APTO,12,ELEITO POR QP,2,true,29,29,false
ARTHUR DE OLIVEIRA MAIA DA SILVA,ARTHUR MAIA,50000608629,BA,DEM,DEM,DEPUTADO FEDERAL,APTO,12,ELEITO POR QP,2,true,29,29,false
ELMAR JOSÉ VIEIRA NASCIMENTO,ELMAR,50000608631,BA,DEM,DEM,DEPUTADO FEDERAL,APTO,12,ELEITO POR QP,2,true,29,29,false
LEUR ANTONIO DE BRITTO LOMANTO JUNIOR,LEUR LOMANTO JR,50000608636,BA,DEM,DEM,DEPUTADO FEDERAL,APTO,12,ELEITO POR MÉDIA,3,true,29,29,false
PAULO VELLOSO DANTAS AZI,PAULO AZI,50000608640,BA,DEM,DEM,DEPUTADO FEDERAL,APTO,12,ELEITO POR QP,2,true,29,29,false
LUIS CLAUDIO FERNANDES MIRANDA,LUIS MIRANDA,70000625533,DF,DEM,DEM,DEPUTADO FEDERAL,APTO,12,ELEITO POR MÉDIA,3,true,29,29,false
NORMA AYUB ALVES,NORMA AYUB,80000622450,ES,DEM,DEM,DEPUTADO FEDERAL,APTO,12,ELEITO POR MÉDIA,3,true,29,29,false
JOSE MARIO SCHREINER,ZÉ MARIO,90000616000,GO,DEM,DEM,DEPUTADO FEDERAL,APTO,12,ELEITO POR QP,2,true,29,29,false
ZACARIAS CALIL HAMU,DR. ZACARIAS CALIL,90000616011,GO,DEM,DEM,DEPUTADO FEDERAL,APTO,12,ELEITO POR QP,2,true,29,29,false
JOSÉ JUSCELINO DOS SANTOS REZENDE FILHO,JUSCELINO FILHO,100000601901,MA,DEM,DEM,DEPUTADO FEDERAL,APTO,12,ELEITO POR MÉDIA,3,true,29,29,false
OLAVO BILAC PINTO NETO,BILAC PINTO,130000613261,MG,DEM,DEM,DEPUTADO FEDERAL,APTO,12,ELEITO POR QP,2,true,29,29,false
TEREZA CRISTINA CORREA DA COSTA DIAS,TEREZA CRISTINA,120000613465,MS,DEM,DEM,DEPUTADO FEDERAL,APTO,12,ELEITO POR MÉDIA,3,true,29,29,false
HÉLIO LEITE DA SILVA,HÉLIO LEITE,140000613810,PA,DEM,DEM,DEPUTADO FEDERAL,APTO,12,ELEITO POR MÉDIA,3,true,29,29,false
OLIVAL HENRIQUE MARQUES DE SOUZA,OLIVAL MARQUES,140000613811,PA,DEM,DEM,DEPUTADO FEDERAL,APTO,12,ELEITO POR QP,2,true,29,29,false
EFRAIM DE ARAUJO MORAIS FILHO,EFRAIM FILHO,150000608820,PB,DEM,DEM,DEPUTADO FEDERAL,APTO,12,ELEITO POR MÉDIA,3,true,29,29,false
FERNANDO BEZERRA DE SOUZA COELHO FILHO,FERNANDO FILHO,170000616977,PE,DEM,DEM,DEPUTADO FEDERAL,APTO,12,ELEITO POR QP,2,true,29,29,false
PEDRO DEBONI LUPION MELLO,PEDRO LUPION,160000623128,PR,DEM,DEM,DEPUTADO FEDERAL,APTO,12,ELEITO POR QP,2,true,29,29,false
RODRIGO FELINTO IBARRA EPITÁCIO MAIA,RODRIGO MAIA,190000607414,RJ,DEM,DEM,DEPUTADO FEDERAL,APTO,12,ELEITO POR QP,2,true,29,29,false
ROGERIO TEIXEIRA JUNIOR,JUNINHO DO PNEU,190000607415,RJ,DEM,DEM,DEPUTADO FEDERAL,APTO,12,ELEITO POR MÉDIA,3,true,29,29,false
PEDRO PAULO CARVALHO TEIXEIRA,PEDRO PAULO,190000607425,RJ,DEM,DEM,DEPUTADO FEDERAL,APTO,12,ELEITO POR QP,2,true,29,29,false
SÓSTENES SILVA CAVALCANTE,SÓSTENES,190000607427,RJ,DEM,DEM,DEPUTADO FEDERAL,APTO,12,ELEITO POR QP,2,true,29,29,false
ONYX DORNELLES LORENZONI,ONYX LORENZONI,210000603662,RS,DEM,DEM,DEPUTADO FEDERAL,APTO,12,ELEITO POR QP,2,true,29,29,false
ADRIANO ELI CORRÊA,ELI CORRÊA FILHO,250000605456,SP,DEM,DEM,DEPUTADO FEDERAL,APTO,12,ELEITO POR MÉDIA,3,true,29,29,false
ALEXANDRE LEITE DA SILVA,ALEXANDRE LEITE,250000605457,SP,DEM,DEM,DEPUTADO FEDERAL,APTO,12,ELEITO POR QP,2,true,29,29,false
DAVID BEZERRA RIBEIRO SOARES,DAVID SOARES,250000605458,SP,DEM,DEM,DEPUTADO FEDERAL,APTO,12,ELEITO POR MÉDIA,3,true,29,29,false
EUGENIO JOSÉ ZULIANI,GENINHO ZULIANI,250000605462,SP,DEM,DEM,DEPUTADO FEDERAL,APTO,12,ELEITO POR MÉDIA,3,true,29,29,false
KIM PATROCA KATAGUIRI,KIM KATAGUIRI,250000605466,SP,DEM,DEM,DEPUTADO FEDERAL,APTO,12,ELEITO POR QP,2,true,29,29,false
CARLOS HENRIQUE AMORIM,CARLOS HENRIQUE GAGUIM,270000618828,TO,DEM,DEM,DEPUTADO FEDERAL,APTO,12,ELEITO POR QP,2,true,29,29,false
MARIA AUXILIADORA SEABRA REZENDE,PROFESSORA DORINHA,270000618831,TO,DEM,DEM,DEPUTADO FEDERAL,APTO,12,ELEITO POR MÉDIA,3,true,29,29,false
FLAVIANO FLAVIO BAPTISTA DE MELO,FLAVIANO MELO,10000602515,AC,MDB,MDB,DEPUTADO FEDERAL,APTO,12,ELEITO POR MÉDIA,3,true,34,34,false
JESSICA ROJAS SALES,JÉSSICA SALES,10000602516,AC,MDB,MDB,DEPUTADO FEDERAL,APTO,12,ELEITO POR QP,2,true,34,34,false
ISNALDO BULHÕES BARROS JUNIOR,ISNALDO BULHÕES,20000621946,AL,MDB,MDB,DEPUTADO FEDERAL,APTO,12,ELEITO POR QP,2,true,34,34,false
MOSES HAENDEL MELO RODRIGUES,MOSES RODRIGUES,60000605078,CE,MDB,MDB,DEPUTADO FEDERAL,APTO,12,ELEITO POR QP,2,true,34,34,false
JOÃO MARCELO SANTOS SOUZA,JOÃO MARCELO,100000609097,MA,MDB,MDB,DEPUTADO FEDERAL,APTO,12,ELEITO POR MÉDIA,3,true,34,34,false
HILDO AUGUSTO DA ROCHA NETO,HILDO ROCHA,100000609098,MA,MDB,MDB,DEPUTADO FEDERAL,APTO,12,ELEITO POR QP,2,true,34,34,false
FÁBIO AUGUSTO RAMALHO DOS SANTOS,FABIO RAMALHO,130000620811,MG,MDB,MDB,DEPUTADO FEDERAL,APTO,12,ELEITO POR QP,2,true,34,34,false
HERCÍLIO ARAÚJO DINIZ FILHO,HERCÍLIO COELHO DINIZ,130000620812,MG,MDB,MDB,DEPUTADO FEDERAL,APTO,12,ELEITO POR QP,2,true,34,34,false
MAURO RIBEIRO LOPES,MAURO LOPES,130000620818,MG,MDB,MDB,DEPUTADO FEDERAL,APTO,12,ELEITO POR MÉDIA,3,true,34,34,false
NEWTON CARDOSO JÚNIOR,NEWTON CARDOSO JR,130000620820,MG,MDB,MDB,DEPUTADO FEDERAL,APTO,12,ELEITO POR QP,2,true,34,34,false
JUAREZ ALVES DA COSTA,JUAREZ COSTA,110000622427,MT,MDB,MDB,DEPUTADO FEDERAL,APTO,12,ELEITO POR MÉDIA,3,true,34,34,false
CARLOS GOMES BEZERRA,CARLOS BEZERRA,110000622434,MT,MDB,MDB,DEPUTADO FEDERAL,APTO,12,ELEITO POR QP,2,true,34,34,false
ELCIONE THEREZINHA ZAHLUTH BARBALHO,ELCIONE,140000606359,PA,MDB,MDB,DEPUTADO FEDERAL,APTO,12,ELEITO POR QP,2,true,34,34,false
JOSÉ BENITO PRIANTE JUNIOR,PRIANTE,140000606360,PA,MDB,MDB,DEPUTADO FEDERAL,APTO,12,ELEITO POR QP,2,true,34,34,false
RAUL JEAN LOUIS HENRY JUNIOR,RAUL HENRY,170000610282,PE,MDB,MDB,DEPUTADO FEDERAL,APTO,12,ELEITO POR QP,2,true,34,34,false
MARCOS AURELIO PADUA RIBEIRO GONÇALVES DE SAMPAIO,MARCOS AURELIO SAMPAIO,180000613906,PI,MDB,MDB,DEPUTADO FEDERAL,APTO,12,ELEITO POR MÉDIA,3,true,34,34,false
SERGIO DE SOUZA,SÉRGIO SOUZA,160000621768,PR,MDB,MDB,DEPUTADO FEDERAL,APTO,12,ELEITO POR QP,2,true,34,34,false
HERMES PARCIANELLO,HERMES FRANGÃO PARCIANELLO,160000621783,PR,MDB,MDB,DEPUTADO FEDERAL,APTO,12,ELEITO POR QP,2,true,34,34,false
DANIELA MOTE DE SOUZA CARNEIRO,DANIELA DO WAGUINHO,190000607467,RJ,MDB,MDB,DEPUTADO FEDERAL,APTO,12,ELEITO POR QP,2,true,34,34,false
GUTEMBERG REIS DE OLIVEIRA,GUTEMBERG REIS,190000607472,RJ,MDB,MDB,DEPUTADO FEDERAL,APTO,12,ELEITO POR QP,2,true,34,34,false
VINICIUS MEDEIROS FARAH,VINÍCIUS FARAH,190000607480,RJ,MDB,MDB,DEPUTADO FEDERAL,APTO,12,ELEITO POR QP,2,true,34,34,false
WALTER PEREIRA ALVES,WALTER ALVES,200000612907,RN,MDB,MDB,DEPUTADO FEDERAL,APTO,12,ELEITO POR QP,2,true,34,34,false
LUCIO ANTONIO MOSQUINI,LUCIO MOSQUINI,220000618719,RO,MDB,MDB,DEPUTADO FEDERAL,APTO,12,ELEITO POR MÉDIA,3,true,34,34,false
ALCEU MOREIRA DA SILVA,ALCEU MOREIRA,210000605278,RS,MDB,MDB,DEPUTADO FEDERAL,APTO,12,ELEITO POR QP,2,true,34,34,false
GIOVANI BATISTA FELTES,GIOVANI FELTES,210000605284,RS,MDB,MDB,DEPUTADO FEDERAL,APTO,12,ELEITO POR QP,2,true,34,34,false
MARCIO DELLA VALLE BIOLCHI,MÁRCIO BIOLCHI,210000605291,RS,MDB,MDB,DEPUTADO FEDERAL,APTO,12,ELEITO POR QP,2,true,34,34,false
OSMAR GASPARINI TERRA,OSMAR TERRA,210000605296,RS,MDB,MDB,DEPUTADO FEDERAL,APTO,12,ELEITO POR MÉDIA,3,true,34,34,false
CARLOS ALBERTO CHIODINI,CARLOS CHIODINI,240000609546,SC,MDB,MDB,DEPUTADO FEDERAL,APTO,12,ELEITO POR QP,2,true,34,34,false
CELSO MALDANER,CELSO MALDANER,240000609554,SC,MDB,MDB,DEPUTADO FEDERAL,APTO,12,ELEITO POR QP,2,true,34,34,false
ROGERIO MENDONÇA,PENINHA,240000609556,SC,MDB,MDB,DEPUTADO FEDERAL,APTO,12,ELEITO POR MÉDIA,3,true,34,34,false
FABIO DE ALMEIDA REIS,FABIO REIS,260000623593,SE,MDB,MDB,DEPUTADO FEDERAL,APTO,12,ELEITO POR QP,2,true,34,34,false
LUIZ FELIPE BALEIA TENUTO ROSSI,BALEIA ROSSI,250000604071,SP,MDB,MDB,DEPUTADO FEDERAL,APTO,12,ELEITO POR QP,2,true,34,34,false
HERCULANO CASTILHO PASSOS JUNIOR,HERCULANO PASSOS,250000604091,SP,MDB,MDB,DEPUTADO FEDERAL,APTO,12,ELEITO POR MÉDIA,3,true,34,34,false
DULCE FERREIRA PAGANI MIRANDA,DULCE MIRANDA,270000610923,TO,MDB,MDB,DEPUTADO FEDERAL,APTO,12,ELEITO POR MÉDIA,3,true,34,34,false
LUCAS DE VASCONCELOS GONZALEZ,LUCAS GONZALEZ,130000600645,MG,NOVO,NOVO,DEPUTADO FEDERAL,APTO,12,ELEITO POR QP,2,true,8,8,false
TIAGO LIMA MITRAUD DE CASTRO LEITE,TIAGO MITRAUD,130000600692,MG,NOVO,NOVO,DEPUTADO FEDERAL,APTO,12,ELEITO POR QP,2,true,8,8,false
PAULO GUSTAVO GANIME ALVES TEIXEIRA,PAULO GANIME,190000602240,RJ,NOVO,NOVO,DEPUTADO FEDERAL,APTO,12,ELEITO POR QP,2,true,8,8,false
MARCEL VAN HATTEM,MARCEL VAN HATTEM,210000602609,RS,NOVO,NOVO,DEPUTADO FEDERAL,APTO,12,ELEITO POR QP,2,true,8,8,false
GILSON MARQUES VIEIRA,GILSON MARQUES,240000600256,SC,NOVO,NOVO,DEPUTADO FEDERAL,APTO,12,ELEITO POR MÉDIA,3,true,8,8,false
ADRIANA MIGUEL VENTURA,ADRIANA VENTURA,250000601946,SP,NOVO,NOVO,DEPUTADO FEDERAL,APTO,12,ELEITO POR QP,2,true,8,8,false
ALEXIS JOSEPH STEVERLYNCK FONTEYNE,ALEXIS,250000601963,SP,NOVO,NOVO,DEPUTADO FEDERAL,APTO,12,ELEITO POR MÉDIA,3,true,8,8,false
VINICIUS LAZZER POIT,VINICIUS POIT,250000601982,SP,NOVO,NOVO,DEPUTADO FEDERAL,APTO,12,ELEITO POR QP,2,true,8,8,false
ANTÔNIO LUIZ RODRIGUES MANO JÚNIOR,JÚNIOR MANO,60000611236,CE,PATRIOTA,PATRIOTA,DEPUTADO FEDERAL,APTO,12,ELEITO POR QP,2,true,5,5,false
ANTONIO DA CRUZ FILGUEIRA NETO,JUNIOR MARRECA FILHO,100000630071,MA,PATRIOTA,PATRIOTA,DEPUTADO FEDERAL,APTO,12,ELEITO POR QP,2,true,5,5,false
FREDERICO BORGES DA COSTA,FRED COSTA,130000610150,MG,PATRIOTA,PATRIOTA,DEPUTADO FEDERAL,APTO,12,ELEITO POR QP,2,true,5,5,false
FREDERICO DE CASTRO ESCALEIRA,DOUTOR FREDERICO,130000610250,MG,PATRIOTA,PATRIOTA,DEPUTADO FEDERAL,APTO,12,ELEITO POR MÉDIA,3,true,5,5,false
FRANCISCO EURICO DA SILVA,PASTOR EURICO,170000617432,PE,PATRIOTA,PATRIOTA,DEPUTADO FEDERAL,APTO,12,ELEITO POR QP,2,true,5,5,false
MARIA PERPETUA DE ALMEIDA,PERPETUA ALMEIDA,10000608404,AC,PC do B,PCdoB,DEPUTADO FEDERAL,APTO,12,ELEITO POR QP,2,true,9,9,false
MARCIVANIA DO SOCORRO DA ROCHA FLEXA,PROFESSORA MARCIVANIA,30000613837,AP,PC do B,PCdoB,DEPUTADO FEDERAL,APTO,12,ELEITO POR MÉDIA,3,true,9,9,false
ALICE MAZZUCO PORTUGAL,ALICE PORTUGAL,50000607816,BA,PC do B,PCdoB,DEPUTADO FEDERAL,APTO,12,ELEITO POR QP,2,true,9,9,false
DANIEL GOMES DE ALMEIDA,DANIEL ALMEIDA,50000607817,BA,PC do B,PCdoB,DEPUTADO FEDERAL,APTO,12,ELEITO POR QP,2,true,9,9,false
MÁRCIO JERRY SARAIVA BARROSO,MÁRCIO JERRY,100000601889,MA,PC do B,PCdoB,DEPUTADO FEDERAL,APTO,12,ELEITO POR QP,2,true,9,9,false
RUBENS PEREIRA E SILVA JUNIOR,RUBENS JUNIOR,100000601890,MA,PC do B,PCdoB,DEPUTADO FEDERAL,APTO,12,ELEITO POR QP,2,true,9,9,false
RENILDO VASCONCELOS CALHEIROS,RENILDO CALHEIROS,170000610297,PE,PC do B,PCdoB,DEPUTADO FEDERAL,APTO,12,ELEITO POR QP,2,true,9,9,false
JANDIRA FEGHALI,JANDIRA FEGHALI,190000613609,RJ,PC do B,PCdoB,DEPUTADO FEDERAL,APTO,12,ELEITO POR QP,2,true,9,9,false
ORLANDO SILVA DE JESUS JUNIOR,ORLANDO SILVA,250000623890,SP,PC do B,PCdoB,DEPUTADO FEDERAL,APTO,12,ELEITO POR MÉDIA,3,true,9,9,false
JESUS SERGIO DE MENEZES,JESUS SÉRGIO,10000602290,AC,PDT,PDT,DEPUTADO FEDERAL,APTO,12,ELEITO POR MÉDIA,3,true,28,28,false
ALEX MARCO SANTANA SOUSA,ALEX SANTANA,50000610865,BA,PDT,PDT,DEPUTADO FEDERAL,APTO,12,ELEITO POR MÉDIA,3,true,28,28,false
FELIX DE ALMEIDA MENDONÇA JUNIOR,FELIX MENDONÇA,50000610873,BA,PDT,PDT,DEPUTADO FEDERAL,APTO,12,ELEITO POR QP,2,true,28,28,false
MARCOS ROBERIO RIBEIRO MONTEIRO,ROBÉRIO MONTEIRO,60000611947,CE,PDT,PDT,DEPUTADO FEDERAL,APTO,12,ELEITO POR QP,2,true,28,28,false
ANDRE PEIXOTO FIGUEIREDO LIMA,ANDRÉ FIGUEIREDO,60000611950,CE,PDT,PDT,DEPUTADO FEDERAL,APTO,12,ELEITO POR QP,2,true,28,28,false
EDUARDO HENRIQUE MAIA BISMARCK,EDUARDO BISMARCK,60000611953,CE,PDT,PDT,DEPUTADO FEDERAL,APTO,12,ELEITO POR MÉDIA,3,true,28,28,false
ANTONIO IDILVAN DE LIMA ALENCAR,IDILVAN,60000611954,CE,PDT,PDT,DEPUTADO FEDERAL,APTO,12,ELEITO POR QP,2,true,28,28,false
CARLOS MAURO BENEVIDES FILHO,MAURO FILHO,60000611955,CE,PDT,PDT,DEPUTADO FEDERAL,APTO,12,ELEITO POR QP,2,true,28,28,false
JOSÉ LEÔNIDAS DE MENEZES CRISTINO,LEONIDAS CRISTINO,60000611956,CE,PDT,PDT,DEPUTADO FEDERAL,APTO,12,ELEITO POR MÉDIA,3,true,28,28,false
ANTONIO SERGIO ALVES VIDIGAL,SERGIO VIDIGAL,80000622443,ES,PDT,PDT,DEPUTADO FEDERAL,APTO,12,ELEITO POR QP,2,true,28,28,false
FLAVIA CARREIRO ALBUQUERQUE MORAIS,FLAVIA MORAIS,90000615995,GO,PDT,PDT,DEPUTADO FEDERAL,APTO,12,ELEITO POR QP,2,true,28,28,false
GILLIANO FRED NASCIMENTO CUTRIM,GIL CUTRIM,100000601470,MA,PDT,PDT,DEPUTADO FEDERAL,APTO,12,ELEITO POR MÉDIA,3,true,28,28,false
MÁRIO LÚCIO HERINGER,DR. MÁRIO HERINGER,130000620768,MG,PDT,PDT,DEPUTADO FEDERAL,APTO,12,ELEITO POR QP,2,true,28,28,false
LUIZ GONZAGA RIBEIRO,SUBTENENTE GONZAGA,130000620769,MG,PDT,PDT,DEPUTADO FEDERAL,APTO,12,ELEITO POR QP,2,true,28,28,false
DAGOBERTO NOGUEIRA FILHO,DAGOBERTO,120000602218,MS,PDT,PDT,DEPUTADO FEDERAL,APTO,12,ELEITO POR MÉDIA,3,true,28,28,false
DAMIÃO FELICIANO DA SILVA,DR DAMIÃO,150000608810,PB,PDT,PDT,DEPUTADO FEDERAL,APTO,12,ELEITO POR QP,2,true,28,28,false
TÚLIO GADELHA SALES DE MELO,TÚLIO GADÊLHA,170000617323,PE,PDT,PDT,DEPUTADO FEDERAL,APTO,12,ELEITO POR MÉDIA,3,true,28,28,false
WOLNEY QUEIROZ MACIEL,WOLNEY QUEIROZ,170000617326,PE,PDT,PDT,DEPUTADO FEDERAL,APTO,12,ELEITO POR QP,2,true,28,28,false
FLAVIO RODRIGUES NOGUEIRA,FLAVIO NOGUEIRA,180000613935,PI,PDT,PDT,DEPUTADO FEDERAL,APTO,12,ELEITO POR QP,2,true,28,28,false
GUSTAVO BONATO FRUET,GUSTAVO FRUET,160000621790,PR,PDT,PDT,DEPUTADO FEDERAL,APTO,12,ELEITO POR QP,2,true,28,28,false
FRANCISCO JOSE D ANGELO PINTO,CHICO D ANGELO,190000615527,RJ,PDT,PDT,DEPUTADO FEDERAL,APTO,12,ELEITO POR QP,2,true,28,28,false
PAULO SERGIO RAMOS BARBOZA,PAULO RAMOS,190000615550,RJ,PDT,PDT,DEPUTADO FEDERAL,APTO,12,ELEITO POR QP,2,true,28,28,false
SILVIA CRISTINA AMANCIO CHAGAS,SILVIA CRISTINA,220000611027,RO,PDT,PDT,DEPUTADO FEDERAL,APTO,12,ELEITO POR QP,2,true,28,28,false
MARLON ARATOR SANTOS DA ROSA,MARLON SANTOS,210000604635,RS,PDT,PDT,DEPUTADO FEDERAL,APTO,12,ELEITO POR QP,2,true,28,28,false
AFONSO ANTUNES DA MOTTA,AFONSO MOTTA,210000604636,RS,PDT,PDT,DEPUTADO FEDERAL,APTO,12,ELEITO POR MÉDIA,3,true,28,28,false
DARCI POMPEO DE MATTOS,POMPEO DE MATTOS,210000604661,RS,PDT,PDT,DEPUTADO FEDERAL,APTO,12,ELEITO POR QP,2,true,28,28,false
FABIO HENRIQUE SANTANA DE CARVALHO,FÁBIO HENRIQUE,260000621431,SE,PDT,PDT,DEPUTADO FEDERAL,APTO,12,ELEITO POR MÉDIA,3,true,28,28,false
TABATA CLAUDIA AMARAL DE PONTES,TABATA AMARAL,250000623480,SP,PDT,PDT,DEPUTADO FEDERAL,APTO,12,ELEITO POR QP,2,true,28,28,false
ANDERSON MACHADO DE JESUS,IGOR KANNARIO,50000606396,BA,PHS,PHS,DEPUTADO FEDERAL,APTO,12,ELEITO POR QP,2,true,6,6,false
JOSE ABILIO SILVA DE SANTANA,PASTOR ABILIO SANTANA,50000606413,BA,PHS,PHS,DEPUTADO FEDERAL,APTO,12,ELEITO POR QP,2,true,6,6,false
FRANCO CARTAFINA GOMES,FRANCO CARTAFINA,130000626666,MG,PHS,PHS,DEPUTADO FEDERAL,APTO,12,ELEITO POR QP,2,true,6,6,false
MARCELO GUILHERME DE ARO FERREIRA,MARCELO ARO,130000626697,MG,PHS,PHS,DEPUTADO FEDERAL,APTO,12,ELEITO POR QP,2,true,6,6,false
FERNANDO RODOLFO TENORIO DE VASCONCELOS,FERNANDO RODOLFO,170000617105,PE,PHS,PHS,DEPUTADO FEDERAL,APTO,12,ELEITO POR MÉDIA,3,true,6,6,false
GELSON DE AZEVEDO ALMEIDA,GELSON AZEVEDO,190000606047,RJ,PHS,PHS,DEPUTADO FEDERAL,APTO,12,ELEITO POR MÉDIA,3,true,6,6,false
EDUARDO SALIM BRAIDE,EDUARDO BRAIDE,100000615044,MA,PMN,PMN,DEPUTADO FEDERAL,APTO,12,ELEITO POR QP,2,true,3,3,false
GILDENEMIR DE LIMA SOUSA,PASTOR GILDENEMYR,100000615053,MA,PMN,PMN,DEPUTADO FEDERAL,APTO,12,ELEITO POR MÉDIA,3,true,3,3,false
JOSE VITOR DE RESENDE AGUIAR,ZÉ VITOR,130000611070,MG,PMN,PMN,DEPUTADO FEDERAL,APTO,12,ELEITO POR QP,2,true,3,3,false
JOÃO CARLOS BACELAR BATISTA,BACELAR,50000607822,BA,PODE,PODE,DEPUTADO FEDERAL,APTO,12,ELEITO POR QP,2,true,11,11,false
JOSÉ NELTO LAGARES DAS MERCEZ,JOSÉ  NELTO,90000616001,GO,PODE,PODE,DEPUTADO FEDERAL,APTO,12,ELEITO POR MÉDIA,3,true,11,11,false
ALUISIO GUIMARÃES MENDES FILHO,ALUISIO MENDES,100000609433,MA,PODE,PODE,DEPUTADO FEDERAL,APTO,12,ELEITO POR QP,2,true,11,11,false
IGOR TARCIANO TIMO,IGOR TIMO,130000624462,MG,PODE,PODE,DEPUTADO FEDERAL,APTO,12,ELEITO POR QP,2,true,11,11,false
JOSE ANTONIO DOS SANTOS MEDEIROS,JOSE MEDEIROS,110000611616,MT,PODE,PODE,DEPUTADO FEDERAL,APTO,12,ELEITO POR QP,2,true,11,11,false
RICARDO TEOBALDO CAVALCANTI,RICARDO TEOBALDO,170000616986,PE,PODE,PODE,DEPUTADO FEDERAL,APTO,12,ELEITO POR QP,2,true,11,11,false
DIEGO ALEXSANDER GONÇALO PAULA GARCIA,DIEGO GARCIA,160000619700,PR,PODE,PODE,DEPUTADO FEDERAL,APTO,12,ELEITO POR QP,2,true,11,11,false
LEONARDO BARRETO DE MORAES,LÉO MORAES,220000618722,RO,PODE,PODE,DEPUTADO FEDERAL,APTO,12,ELEITO POR QP,2,true,11,11,false
RENATA HELLMEISTER DE ABREU,RENATA ABREU,250000613702,SP,PODE,PODE,DEPUTADO FEDERAL,APTO,12,ELEITO POR QP,2,true,11,11,false
MARCO ANTONIO FELICIANO,PASTOR MARCO FELICIANO,250000613714,SP,PODE,PODE,DEPUTADO FEDERAL,APTO,12,ELEITO POR QP,2,true,11,11,false
ROBERTO ALVES DE LUCENA,ROBERTO DE LUCENA,250000613788,SP,PODE,PODE,DEPUTADO FEDERAL,APTO,12,ELEITO POR MÉDIA,3,true,11,11,false
ARTHUR CESAR PEREIRA DE LIRA,ARTHUR LIRA,20000616797,AL,PP,PP,DEPUTADO FEDERAL,APTO,12,ELEITO POR QP,2,true,37,37,false
ATILA SIDNEY LINS DE ALBUQUERQUE,ATILA LINS,40000610407,AM,PP,PP,DEPUTADO FEDERAL,APTO,12,ELEITO POR QP,2,true,37,37,false
ANDRE DOS SANTOS ABDON,ANDRE ABDON,30000617199,AP,PP,PP,DEPUTADO FEDERAL,APTO,12,ELEITO POR MÉDIA,3,true,37,37,false
CARLOS FELIPE VAZQUEZ DE SOUZA LEÃO,CACÁ LEÃO,50000605224,BA,PP,PP,DEPUTADO FEDERAL,APTO,12,ELEITO POR QP,2,true,37,37,false
MÁRIO SILVIO MENDES NEGROMONTE JÚNIOR,MÁRIO NEGROMONTE JR,50000605225,BA,PP,PP,DEPUTADO FEDERAL,APTO,12,ELEITO POR QP,2,true,37,37,false
CLAUDIO CAJADO SAMPAIO,CLAUDIO CAJADO,50000605227,BA,PP,PP,DEPUTADO FEDERAL,APTO,12,ELEITO POR QP,2,true,37,37,false
RONALDO CARLETTO,RONALDO CARLETTO,50000605228,BA,PP,PP,DEPUTADO FEDERAL,APTO,12,ELEITO POR QP,2,true,37,37,false
ANTONIO JOSE AGUIAR ALBUQUERQUE,AJ ALBUQUERQUE,60000611004,CE,PP,PP,DEPUTADO FEDERAL,APTO,12,ELEITO POR QP,2,true,37,37,false
CELINA LEAO HIZIM,CELINA LEÃO,70000614533,DF,PP,PP,DEPUTADO FEDERAL,APTO,12,ELEITO POR MÉDIA,3,true,37,37,false
EVAIR VIEIRA DE MELO,EVAIR DE MELO,80000611871,ES,PP,PP,DEPUTADO FEDERAL,APTO,12,ELEITO POR MÉDIA,3,true,37,37,false
ADRIANO ANTÔNIO AVELAR,ADRIANO DO BALDY,90000610071,GO,PP,PP,DEPUTADO FEDERAL,APTO,12,ELEITO POR MÉDIA,3,true,37,37,false
ALCIDES RIBEIRO FILHO,PROFESSOR ALCIDES,90000610072,GO,PP,PP,DEPUTADO FEDERAL,APTO,12,ELEITO POR QP,2,true,37,37,false
ANDRE LUIZ CARVALHO RIBEIRO,ANDRE FUFUCA,100000601459,MA,PP,PP,DEPUTADO FEDERAL,APTO,12,ELEITO POR QP,2,true,37,37,false
ANTÔNIO PINHEIRO NETO,PINHEIRINHO,130000613229,MG,PP,PP,DEPUTADO FEDERAL,APTO,12,ELEITO POR QP,2,true,37,37,false
DIMAS FABIANO TOLEDO JUNIOR,DIMAS FABIANO,130000613231,MG,PP,PP,DEPUTADO FEDERAL,APTO,12,ELEITO POR MÉDIA,3,true,37,37,false
AGUINALDO VELLOSO BORGES RIBEIRO,AGUINALDO RIBEIRO,150000602479,PB,PP,PP,DEPUTADO FEDERAL,APTO,12,ELEITO POR QP,2,true,37,37,false
FERNANDO MONTEIRO DE ALBUQUERQUE,FERNANDO MONTEIRO,170000614072,PE,PP,PP,DEPUTADO FEDERAL,APTO,12,ELEITO POR QP,2,true,37,37,false
EDUARDO HENRIQUE DA FONTE DE ALBUQUERQUE SILVA,EDUARDO DA FONTE,170000614106,PE,PP,PP,DEPUTADO FEDERAL,APTO,12,ELEITO POR QP,2,true,37,37,false
IRACEMA MARIA PORTELLA NUNES NOGUEIRA LIMA,IRACEMA PORTELLA,180000613922,PI,PP,PP,DEPUTADO FEDERAL,APTO,12,ELEITO POR QP,2,true,37,37,false
MARGARETE DE CASTRO COELHO,MARGARETE COELHO,180000613924,PI,PP,PP,DEPUTADO FEDERAL,APTO,12,ELEITO POR MÉDIA,3,true,37,37,false
JOSE CARLOS SCHIAVINATO,SCHIAVINATO,160000623140,PR,PP,PP,DEPUTADO FEDERAL,APTO,12,ELEITO POR MÉDIA,3,true,37,37,false
RICARDO JOSE MAGALHÃES BARROS,RICARDO BARROS,160000623141,PR,PP,PP,DEPUTADO FEDERAL,APTO,12,ELEITO POR QP,2,true,37,37,false
CHRISTINO ÁUREO DA SILVA,CHRISTINO AUREO,190000607437,RJ,PP,PP,DEPUTADO FEDERAL,APTO,12,ELEITO POR MÉDIA,3,true,37,37,false
LUIZ ANTONIO DE SOUZA TEIXEIRA JÚNIOR,DR. LUIZINHO,190000607442,RJ,PP,PP,DEPUTADO FEDERAL,APTO,12,ELEITO POR QP,2,true,37,37,false
CARLOS ALBERTO DE SOUSA ROSADO SEGUNDO,BETO,200000612914,RN,PP,PP,DEPUTADO FEDERAL,APTO,12,ELEITO POR MÉDIA,3,true,37,37,false
DIRLAINE JAQUELINE CASSOL,JAQUELINE CASSOL,220000611016,RO,PP,PP,DEPUTADO FEDERAL,APTO,12,ELEITO POR QP,2,true,37,37,false
HIRAN MANUEL GONÇALVES DA SILVA,DR. HIRAN GONÇALVES,230000614391,RR,PP,PP,DEPUTADO FEDERAL,APTO,12,ELEITO POR MÉDIA,3,true,37,37,false
JERÔNIMO PIZZOLOTTO GOERGEN,JERÔNIMO GOERGEN,210000604829,RS,PP,PP,DEPUTADO FEDERAL,APTO,12,ELEITO POR QP,2,true,37,37,false
JOSÉ ALFONSO EBERT HAMM,AFONSO HAMM,210000604831,RS,PP,PP,DEPUTADO FEDERAL,APTO,12,ELEITO POR QP,2,true,37,37,false
LUIS ANTONIO FRANCISCATTO COVATTI,COVATTI FILHO,210000604833,RS,PP,PP,DEPUTADO FEDERAL,APTO,12,ELEITO POR QP,2,true,37,37,false
PEDRO BANDARRA WESTPHALEN,PEDRO WESTPHALEN,210000604834,RS,PP,PP,DEPUTADO FEDERAL,APTO,12,ELEITO POR QP,2,true,37,37,false
ANGELA REGINA HEINZEN AMIN HELOU,ANGELA AMIN,240000627224,SC,PP,PP,DEPUTADO FEDERAL,APTO,12,ELEITO POR QP,2,true,37,37,false
LAERCIO JOSE DE OLIVEIRA,LAERCIO OLIVEIRA,260000623575,SE,PP,PP,DEPUTADO FEDERAL,APTO,12,ELEITO POR QP,2,true,37,37,false
FAUSTO RUY PINATO,FAUSTO PINATO,250000605451,SP,PP,PP,DEPUTADO FEDERAL,APTO,12,ELEITO POR QP,2,true,37,37,false
GUILHERME MURARO DERRITE,TENENTE DERRITE,250000605452,SP,PP,PP,DEPUTADO FEDERAL,APTO,12,ELEITO POR QP,2,true,37,37,false
GUILHERME MUSSI FERREIRA,GUILHERME MUSSI,250000605453,SP,PP,PP,DEPUTADO FEDERAL,APTO,12,ELEITO POR QP,2,true,37,37,false
RICARDO IZAR JUNIOR,RICARDO IZAR,250000605455,SP,PP,PP,DEPUTADO FEDERAL,APTO,12,ELEITO POR QP,2,true,37,37,false
ULDURICO ALENCAR PINTO,ULDÚRICO JÚNIOR,50000609224,BA,PPL,PPL,DEPUTADO FEDERAL,APTO,12,ELEITO POR QP,2,true,1,1,false
PAULA MORENO PARO BELMONTE,PAULA BELMONTE,70000618962,DF,PPS,PPS,DEPUTADO FEDERAL,APTO,12,ELEITO POR MÉDIA,3,true,8,8,false
JOSIAS MARIO DA VITORIA,DA VITORIA,80000611885,ES,PPS,PPS,DEPUTADO FEDERAL,APTO,12,ELEITO POR QP,2,true,8,8,false
DANIEL PIRES COELHO,DANIEL COELHO,170000616973,PE,PPS,PPS,DEPUTADO FEDERAL,APTO,12,ELEITO POR QP,2,true,8,8,false
RUBENS BUENO,RUBENS BUENO,160000619729,PR,PPS,PPS,DEPUTADO FEDERAL,APTO,12,ELEITO POR QP,2,true,8,8,false
MARCELO CALERO FARIA GARCIA,MARCELO CALERO,190000603438,RJ,PPS,PPS,DEPUTADO FEDERAL,APTO,12,ELEITO POR QP,2,true,8,8,false
CARMEN EMILIA BONFÁ ZANOTTO,CARMEN ZANOTTO,240000609622,SC,PPS,PPS,DEPUTADO FEDERAL,APTO,12,ELEITO POR MÉDIA,3,true,8,8,false
ALEX SPINELLI MANENTE,ALEX MANENTE,250000615221,SP,PPS,PPS,DEPUTADO FEDERAL,APTO,12,ELEITO POR QP,2,true,8,8,false
ARNALDO CALIL PEREIRA JARDIM,ARNALDO JARDIM,250000615223,SP,PPS,PPS,DEPUTADO FEDERAL,APTO,12,ELEITO POR QP,2,true,8,8,false
SÉRGIO TOLEDO DE ALBUQUERQUE,SÉRGIO TOLEDO,20000621935,AL,PR,PR,DEPUTADO FEDERAL,APTO,12,ELEITO POR QP,2,true,33,33,false
MARCELO RAMOS RODRIGUES,MARCELO RAMOS,40000610412,AM,PR,PR,DEPUTADO FEDERAL,APTO,12,ELEITO POR MÉDIA,3,true,33,33,false
VINÍCIUS DE AZEVEDO GURGEL,VINÍCIUS,30000602692,AP,PR,PR,DEPUTADO FEDERAL,APTO,12,ELEITO POR QP,2,true,33,33,false
JOAO CARLOS PAOLILO BACELAR FILHO,JOÃO BACELAR,50000607803,BA,PR,PR,DEPUTADO FEDERAL,APTO,12,ELEITO POR MÉDIA,3,true,33,33,false
JOSE ALVES ROCHA,JOSE ROCHA,50000607804,BA,PR,PR,DEPUTADO FEDERAL,APTO,12,ELEITO POR MÉDIA,3,true,33,33,false
JAZIEL PEREIRA DE SOUSA,DR.JAZIEL,60000610996,CE,PR,PR,DEPUTADO FEDERAL,APTO,12,ELEITO POR MÉDIA,3,true,33,33,false
FLAVIA CAROLINA PERES,FLAVIA ARRUDA,70000625528,DF,PR,PR,DEPUTADO FEDERAL,APTO,12,ELEITO POR QP,2,true,33,33,false
LAURIETE RODRIGUES DE JESUS MALTA,LAURIETE,80000607498,ES,PR,PR,DEPUTADO FEDERAL,APTO,12,ELEITO POR MÉDIA,3,true,33,33,false
MAGDA MOFATTO HON,MAGDA MOFATTO,90000620374,GO,PR,PR,DEPUTADO FEDERAL,APTO,12,ELEITO POR QP,2,true,33,33,false
JOSE LOURENÇO BONFIM JUNIOR,JUNIOR LOURENÇO,100000601457,MA,PR,PR,DEPUTADO FEDERAL,APTO,12,ELEITO POR QP,2,true,33,33,false
JOSIMAR CUNHA RODRIGUES,JOSIMAR MARANHÃOZINHO,100000601458,MA,PR,PR,DEPUTADO FEDERAL,APTO,12,ELEITO POR QP,2,true,33,33,false
LINCOLN DINIZ PORTELA,LINCOLN PORTELA,130000626953,MG,PR,PR,DEPUTADO FEDERAL,APTO,12,ELEITO POR QP,2,true,33,33,false
CRISTIANO DUTRA VALE,CRISTIANO VALE,140000606372,PA,PR,PR,DEPUTADO FEDERAL,APTO,12,ELEITO POR QP,2,true,33,33,false
JOSÉ WELLINGTON ROBERTO,WELLINGTON ROBERTO,150000625025,PB,PR,PR,DEPUTADO FEDERAL,APTO,12,ELEITO POR QP,2,true,33,33,false
SEBASTIÃO IGNACIO DE OLIVEIRA JUNIOR,SEBASTIÃO OLIVEIRA,170000614165,PE,PR,PR,DEPUTADO FEDERAL,APTO,12,ELEITO POR QP,2,true,33,33,false
FÁBIO ABREU COSTA,CAPITÃO FÁBIO ABREU,180000613897,PI,PR,PR,DEPUTADO FEDERAL,APTO,12,ELEITO POR QP,2,true,33,33,false
CHRISTIANE DE SOUZA YARED,CHRISTIANE YARED,160000619694,PR,PR,PR,DEPUTADO FEDERAL,APTO,12,ELEITO POR QP,2,true,33,33,false
FERNANDO LUCIO GIACOBO,GIACOBO,160000619695,PR,PR,PR,DEPUTADO FEDERAL,APTO,12,ELEITO POR QP,2,true,33,33,false
LUIZ HILOSHI NISHIMORI,LUIZ NISHIMORI,160000619696,PR,PR,PR,DEPUTADO FEDERAL,APTO,12,ELEITO POR MÉDIA,3,true,33,33,false
ALTINEU CORTES FREITAS COUTINHO,ALTINEU CORTES,190000604181,RJ,PR,PR,DEPUTADO FEDERAL,APTO,12,ELEITO POR QP,2,true,33,33,false
SORAYA ALENCAR DOS SANTOS,SORAYA SANTOS,190000604204,RJ,PR,PR,DEPUTADO FEDERAL,APTO,12,ELEITO POR QP,2,true,33,33,false
JOÃO DA SILVA MAIA,JOÃO MAIA,200000611410,RN,PR,PR,DEPUTADO FEDERAL,APTO,12,ELEITO POR QP,2,true,33,33,false
EDIO VIEIRA LOPES,EDIO LOPES,230000608387,RR,PR,PR,DEPUTADO FEDERAL,APTO,12,ELEITO POR MÉDIA,3,true,33,33,false
GIOVANI CHERINI,GIOVANI CHERINI,210000600970,RS,PR,PR,DEPUTADO FEDERAL,APTO,12,ELEITO POR QP,2,true,33,33,false
JOÃO BOSCO DA COSTA,BOSCO COSTA,260000621971,SE,PR,PR,DEPUTADO FEDERAL,APTO,12,ELEITO POR QP,2,true,33,33,false
PAULO ROBERTO FREIRE DA COSTA,PAULO FREIRE COSTA,250000619412,SP,PR,PR,DEPUTADO FEDERAL,APTO,12,ELEITO POR QP,2,true,33,33,false
KATIA DA SILVA SASTRE,POLICIAL KATIA SASTRE,250000619428,SP,PR,PR,DEPUTADO FEDERAL,APTO,12,ELEITO POR QP,2,true,33,33,false
JOSÉ AUGUSTO ROSA,CAPITÃO AUGUSTO,250000619447,SP,PR,PR,DEPUTADO FEDERAL,APTO,12,ELEITO POR QP,2,true,33,33,false
MIGUEL LOMBARDI,MIGUEL LOMBARDI,250000619485,SP,PR,PR,DEPUTADO FEDERAL,APTO,12,ELEITO POR MÉDIA,3,true,33,33,false
LUIZ CARLOS MOTTA,LUIZ CARLOS MOTTA,250000619487,SP,PR,PR,DEPUTADO FEDERAL,APTO,12,ELEITO POR MÉDIA,3,true,33,33,false
MARCIO LUIZ ALVINO DE SOUZA,MARCIO ALVINO,250000619488,SP,PR,PR,DEPUTADO FEDERAL,APTO,12,ELEITO POR QP,2,true,33,33,false
FRANCISCO EVERARDO OLIVEIRA SILVA,TIRIRICA,250000619516,SP,PR,PR,DEPUTADO FEDERAL,APTO,12,ELEITO POR QP,2,true,33,33,false
VICENTE ALVES DE OLIVEIRA JUNIOR,VICENTINHO JUNIOR,270000610948,TO,PR,PR,DEPUTADO FEDERAL,APTO,12,ELEITO POR QP,2,true,33,33,false
SEVERINO DE LIRA PESSÔA,SEVERINO PESSÔA,20000616806,AL,PRB,PRB,DEPUTADO FEDERAL,APTO,12,ELEITO POR QP,2,true,29,29,false
ALBERTO BARROS CAVALCANTE NETO,CAPITÃO ALBERTO NETO,40000608904,AM,PRB,PRB,DEPUTADO FEDERAL,APTO,12,ELEITO POR QP,2,true,29,29,false
SILAS CÂMARA,SILAS CÂMARA,40000608905,AM,PRB,PRB,DEPUTADO FEDERAL,APTO,12,ELEITO POR QP,2,true,29,29,false
ALINE PARANHOS VARONIL GURGEL,ALINE GURGEL,30000625407,AP,PRB,PRB,DEPUTADO FEDERAL,APTO,12,ELEITO POR QP,2,true,29,29,false
JOÃO INÁCIO RIBEIRO ROMA NETO,JOÃO ROMA,50000608625,BA,PRB,PRB,DEPUTADO FEDERAL,APTO,12,ELEITO POR QP,2,true,29,29,false
MARCIO CARLOS MARINHO,MARCIO MARINHO,50000608626,BA,PRB,PRB,DEPUTADO FEDERAL,APTO,12,ELEITO POR QP,2,true,29,29,false
JULIO CESAR RIBEIRO,JULIO CESAR,70000618958,DF,PRB,PRB,DEPUTADO FEDERAL,APTO,12,ELEITO POR QP,2,true,29,29,false
AMARO ROCHA NASCIMENTO NETO,AMARO NETO,80000607518,ES,PRB,PRB,DEPUTADO FEDERAL,APTO,12,ELEITO POR QP,2,true,29,29,false
JOÃO CAMPOS DE ARAÚJO,JOÃO CAMPOS,90000610070,GO,PRB,PRB,DEPUTADO FEDERAL,APTO,12,ELEITO POR QP,2,true,29,29,false
CLEBER VERDE CORDEIRO MENDES,CLEBER VERDE,100000601912,MA,PRB,PRB,DEPUTADO FEDERAL,APTO,12,ELEITO POR QP,2,true,29,29,false
GILBERTO APARECIDO ABRAMO,GILBERTO ABRAMO,130000620802,MG,PRB,PRB,DEPUTADO FEDERAL,APTO,12,ELEITO POR QP,2,true,29,29,false
LAFAYETTE LUIZ DOORGAL DE ANDRADA,LAFAYETTE ANDRADA,130000620803,MG,PRB,PRB,DEPUTADO FEDERAL,APTO,12,ELEITO POR QP,2,true,29,29,false
WAGNER BACH MARTINS,VAVÁ MARTINS,140000606364,PA,PRB,PRB,DEPUTADO FEDERAL,APTO,12,ELEITO POR QP,2,true,29,29,false
HUGO MOTTA WANDERLEY DA NÓBREGA,HUGO,150000608807,PB,PRB,PRB,DEPUTADO FEDERAL,APTO,12,ELEITO POR QP,2,true,29,29,false
OSSESIO JOSE DA SILVA,BISPO OSSESIO,170000616984,PE,PRB,PRB,DEPUTADO FEDERAL,APTO,12,ELEITO POR MÉDIA,3,true,29,29,false
SILVIO SERAFIM COSTA FILHO,SILVIO COSTA FILHO,170000616989,PE,PRB,PRB,DEPUTADO FEDERAL,APTO,12,ELEITO POR QP,2,true,29,29,false
JOSE AROLDO SOUZA MARTINS,AROLDO MARTINS,160000619608,PR,PRB,PRB,DEPUTADO FEDERAL,APTO,12,ELEITO POR QP,2,true,29,29,false
LUIZ GOULARTE ALVES,LUIZÃO GOULART,160000619612,PR,PRB,PRB,DEPUTADO FEDERAL,APTO,12,ELEITO POR QP,2,true,29,29,false
WAGNER MONTES DOS SANTOS,WAGNER MONTES,190000626396,RJ,PRB,PRB,DEPUTADO FEDERAL,APTO,12,ELEITO POR QP,2,true,29,29,false
ROSANGELA DE SOUZA GOMES,ROSANGELA GOMES,190000626441,RJ,PRB,PRB,DEPUTADO FEDERAL,APTO,12,ELEITO POR QP,2,true,29,29,false
JOHNATHAN PEREIRA DE JESUS,JHONATAN DE JESUS,230000606205,RR,PRB,PRB,DEPUTADO FEDERAL,APTO,12,ELEITO POR QP,2,true,29,29,false
ANTONIO CARLOS GOMES DA SILVA,CARLOS GOMES,210000604811,RS,PRB,PRB,DEPUTADO FEDERAL,APTO,12,ELEITO POR QP,2,true,29,29,false
HÉLIO FRANCISCO DA COSTA,HÉLIO COSTA,240000619258,SC,PRB,PRB,DEPUTADO FEDERAL,APTO,12,ELEITO POR QP,2,true,29,29,false
BENEDITO ROBERTO ALVES FERREIRA,ROBERTO ALVES,250000606218,SP,PRB,PRB,DEPUTADO FEDERAL,APTO,12,ELEITO POR QP,2,true,29,29,false
CELSO UBIRAJARA RUSSOMANNO,CELSO RUSSOMANNO,250000606220,SP,PRB,PRB,DEPUTADO FEDERAL,APTO,12,ELEITO POR QP,2,true,29,29,false
MARCOS ANTONIO PEREIRA,MARCOS PEREIRA,250000606247,SP,PRB,PRB,DEPUTADO FEDERAL,APTO,12,ELEITO POR QP,2,true,29,29,false
MILTON VIEIRA PINTO,MILTON VIEIRA,250000606253,SP,PRB,PRB,DEPUTADO FEDERAL,APTO,12,ELEITO POR QP,2,true,29,29,false
VINICIUS RAPOZO DE CARVALHO,VINICIUS CARVALHO,250000606270,SP,PRB,PRB,DEPUTADO FEDERAL,APTO,12,ELEITO POR QP,2,true,29,29,false
MARIA DO PARTO MENDES ROSAS,MARIA ROSAS,250000606294,SP,PRB,PRB,DEPUTADO FEDERAL,APTO,12,ELEITO POR MÉDIA,3,true,29,29,false
ACÁCIO DA SILVA FAVACHO NETO,ACÁCIO FAVACHO,30000613842,AP,PROS,PROS,DEPUTADO FEDERAL,APTO,12,ELEITO POR QP,2,true,8,8,false
FRANCISCO VAIDON OLIVEIRA,VAIDON OLIVEIRA,60000601222,CE,PROS,PROS,DEPUTADO FEDERAL,APTO,12,ELEITO POR QP,2,true,8,8,false
WAGNER SOUSA GOMES,CAPITÃO WAGNER,60000601233,CE,PROS,PROS,DEPUTADO FEDERAL,APTO,12,ELEITO POR QP,2,true,8,8,false
EROS FERREIRA BIONDINI,EROS BIONDINI,130000620684,MG,PROS,PROS,DEPUTADO FEDERAL,APTO,12,ELEITO POR QP,2,true,8,8,false
WELITON FERNANDES PRADO,WELITON PRADO,130000620691,MG,PROS,PROS,DEPUTADO FEDERAL,APTO,12,ELEITO POR MÉDIA,3,true,8,8,false
ANTONIO WANDSCHEER,TONINHO WANDSCHEER,160000623152,PR,PROS,PROS,DEPUTADO FEDERAL,APTO,12,ELEITO POR MÉDIA,3,true,8,8,false
EMERSON MIGUEL PETRIV,BOCA ABERTA,160000623154,PR,PROS,PROS,DEPUTADO FEDERAL,APTO,12,ELEITO POR QP,2,true,8,8,false
CLARISSA GAROTINHO BARROS ASSED MATHEUS DE OLIVEIRA,CLARISSA GARONTINHO,190000607870,RJ,PROS,PROS,DEPUTADO FEDERAL,APTO,12,ELEITO POR MÉDIA,3,true,8,8,false
RAIMUNDO MAGALHÃES COSTA,RAIMUNDO COSTA,50000622995,BA,PRP,PRP,DEPUTADO FEDERAL,APTO,12,ELEITO POR MÉDIA,3,true,4,4,false
BEATRIZ KICIS TORRENTS DE SORDI,BIA KICIS,70000614972,DF,PRP,PRP,DEPUTADO FEDERAL,APTO,12,ELEITO POR MÉDIA,3,true,4,4,false
ALCIDES RODRIGUES FILHO,ALCIDES RODRIGUES,90000615991,GO,PRP,PRP,DEPUTADO FEDERAL,APTO,12,ELEITO POR MÉDIA,3,true,4,4,false
WLADIMIR BARROS ASSED MATHEUS DE OLIVEIRA,WLADIMIR GAROTINHO,190000624672,RJ,PRP,PRP,DEPUTADO FEDERAL,APTO,12,ELEITO POR QP,2,true,4,4,false
JOÃO HENRIQUE HOLANDA CALDAS,JHC,20000616803,AL,PSB,PSB,DEPUTADO FEDERAL,APTO,12,ELEITO POR QP,2,true,32,32,false
CARLOS CAMILO GOES CAPIBERIBE,CAMILO CAPIBERIBE,30000620101,AP,PSB,PSB,DEPUTADO FEDERAL,APTO,12,ELEITO POR MÉDIA,3,true,32,32,false
JOSÉ MARCELO DO NASCIMENTO NILO,MARCELO NILO,50000607797,BA,PSB,PSB,DEPUTADO FEDERAL,APTO,12,ELEITO POR QP,2,true,32,32,false
LÍDICE DA MATA E SOUZA,LÍDICE DA MATA,50000607798,BA,PSB,PSB,DEPUTADO FEDERAL,APTO,12,ELEITO POR QP,2,true,32,32,false
DENIS ANDERSON DA ROCHA BEZERRA,DENIS BEZERRA,60000611968,CE,PSB,PSB,DEPUTADO FEDERAL,APTO,12,ELEITO POR QP,2,true,32,32,false
FELIPE RIGONI LOPES,FELIPE RIGONI,80000620173,ES,PSB,PSB,DEPUTADO FEDERAL,APTO,12,ELEITO POR QP,2,true,32,32,false
PAULO ROBERTO FOLETTO,FOLETTO,80000620175,ES,PSB,PSB,DEPUTADO FEDERAL,APTO,12,ELEITO POR MÉDIA,3,true,32,32,false
ELIAS VAZ DE ANDRADE,ELIAS VAZ,90000620369,GO,PSB,PSB,DEPUTADO FEDERAL,APTO,12,ELEITO POR QP,2,true,32,32,false
UBIRAJARA DO PINDARÉ ALMEIDA SOUSA,BIRA DO PINDARÉ,100000601900,MA,PSB,PSB,DEPUTADO FEDERAL,APTO,12,ELEITO POR QP,2,true,32,32,false
JULIO CESAR DELGADO,JULIO DELGADO,130000627016,MG,PSB,PSB,DEPUTADO FEDERAL,APTO,12,ELEITO POR MÉDIA,3,true,32,32,false
VILSON LUIZ DA SILVA,VILSON DA FETAEMG,130000627019,MG,PSB,PSB,DEPUTADO FEDERAL,APTO,12,ELEITO POR QP,2,true,32,32,false
EMIDIO ALVES MADEIRA JUNIOR,EMIDINHO MADEIRA,130000629204,MG,PSB,PSB,DEPUTADO FEDERAL,APTO,12,ELEITO POR QP,2,true,32,32,false
CÁSSIO COELHO ANDRADE,CÁSSIO ANDRADE,140000613816,PA,PSB,PSB,DEPUTADO FEDERAL,APTO,12,ELEITO POR QP,2,true,32,32,false
GERVÁSIO AGRIPINO MAIA,GERVÁSIO MAIA,150000608801,PB,PSB,PSB,DEPUTADO FEDERAL,APTO,12,ELEITO POR QP,2,true,32,32,false
DANILO JORGE DE BARROS CABRAL,DANILO CABRAL,170000610278,PE,PSB,PSB,DEPUTADO FEDERAL,APTO,12,ELEITO POR QP,2,true,32,32,false
LUIZ GONZAGA PATRIOTA,GONZAGA PATRIOTA,170000610284,PE,PSB,PSB,DEPUTADO FEDERAL,APTO,12,ELEITO POR QP,2,true,32,32,false
FELIPE AUGUSTO LYRA CARRERAS,FELIPE CARRERAS,170000610285,PE,PSB,PSB,DEPUTADO FEDERAL,APTO,12,ELEITO POR QP,2,true,32,32,false
JOÃO HENRIQUE DE ANDRADE LIMA CAMPOS,JOÃO CAMPOS,170000610286,PE,PSB,PSB,DEPUTADO FEDERAL,APTO,12,ELEITO POR QP,2,true,32,32,false
FRANCISCO TADEU BARBOSA DE ALENCAR,TADEU ALENCAR,170000610291,PE,PSB,PSB,DEPUTADO FEDERAL,APTO,12,ELEITO POR MÉDIA,3,true,32,32,false
ÁTILA FREITAS LIRA,ÁTILA LIRA,180000604128,PI,PSB,PSB,DEPUTADO FEDERAL,APTO,12,ELEITO POR MÉDIA,3,true,32,32,false
ALIEL MACHADO BARK,ALIEL MACHADO,160000623142,PR,PSB,PSB,DEPUTADO FEDERAL,APTO,12,ELEITO POR QP,2,true,32,32,false
LUCIANO DUCCI,LUCIANO DUCCI,160000623145,PR,PSB,PSB,DEPUTADO FEDERAL,APTO,12,ELEITO POR QP,2,true,32,32,false
ALESSANDRO LUCCIOLA MOLON,ALESSANDRO MOLON,190000615553,RJ,PSB,PSB,DEPUTADO FEDERAL,APTO,12,ELEITO POR QP,2,true,32,32,false
RAFAEL HUETE DA MOTTA,RAFAEL MOTTA,200000611414,RN,PSB,PSB,DEPUTADO FEDERAL,APTO,12,ELEITO POR QP,2,true,32,32,false
MAURO NAZIF RASUL,DR. MAURO NAZIF,220000611028,RO,PSB,PSB,DEPUTADO FEDERAL,APTO,12,ELEITO POR MÉDIA,3,true,32,32,false
HEITOR JOSÉ SCHUCH,HEITOR SCHUCH,210000600942,RS,PSB,PSB,DEPUTADO FEDERAL,APTO,12,ELEITO POR QP,2,true,32,32,false
LIZIANE BAYER DA COSTA,LIZIANE BAYER,210000600965,RS,PSB,PSB,DEPUTADO FEDERAL,APTO,12,ELEITO POR QP,2,true,32,32,false
RODRIGO COELHO,RODRIGO COELHO,240000619251,SC,PSB,PSB,DEPUTADO FEDERAL,APTO,12,ELEITO POR QP,2,true,32,32,false
LUIZ FLAVIO GOMES,PROFESSOR LUIZ FLAVIO GOMES,250000615158,SP,PSB,PSB,DEPUTADO FEDERAL,APTO,12,ELEITO POR MÉDIA,3,true,32,32,false
RODRIGO ANTONIO DE AGOSTINHO MENDONÇA,RODRIGO AGOSTINHO,250000615162,SP,PSB,PSB,DEPUTADO FEDERAL,APTO,12,ELEITO POR QP,2,true,32,32,false
JEFFERSON ALVES DE CAMPOS,JEFFERSON CAMPOS,250000615171,SP,PSB,PSB,DEPUTADO FEDERAL,APTO,12,ELEITO POR QP,2,true,32,32,false
ROSANA DE OLIVEIRA VALLE,ROSANA VALLE,250000615186,SP,PSB,PSB,DEPUTADO FEDERAL,APTO,12,ELEITO POR QP,2,true,32,32,false
GLAUSKSTON BATISTA RIOS,GLAUSTIN DA FOKUS,90000615998,GO,PSC,PSC,DEPUTADO FEDERAL,APTO,12,ELEITO POR QP,2,true,7,7,true
EUCLYDES MARCOS PETTERSEN NETO,EUCLYDES PETTERSEN,130000611044,MG,PSC,PSC,DEPUTADO FEDERAL,APTO,12,ELEITO POR QP,2,true,7,7,true
ANDRE FERREIRA RODRIGUES,ANDRE FERREIRA,170000616969,PE,PSC,PSC,DEPUTADO FEDERAL,APTO,12,ELEITO POR QP,2,true,7,7,true
PAULO EDUARDO LIMA MARTINS,PAULO MARTINS,160000619724,PR,PSC,PSC,DEPUTADO FEDERAL,APTO,12,ELEITO POR QP,2,true,7,7,true
OTONI MOURA DE PAULO JUNIOR,OTONI DE PAULA,190000607836,RJ,PSC,PSC,DEPUTADO FEDERAL,APTO,12,ELEITO POR QP,2,true,7,7,true
GILBERTO NASCIMENTO SILVA,GILBERTO NASCIMENTO,250000615219,SP,PSC,PSC,DEPUTADO FEDERAL,APTO,12,ELEITO POR MÉDIA,3,true,7,7,true
OSIRES RODRIGUES DAMASO,OSIRES DAMASO,270000610932,TO,PSC,PSC,DEPUTADO FEDERAL,APTO,12,ELEITO POR QP,2,true,7,7,true
MARX BELTRÃO LIMA SIQUEIRA,MARX BELTRÃO,20000621941,AL,PSD,PSD,DEPUTADO FEDERAL,APTO,12,ELEITO POR QP,2,true,35,35,false
SIDNEY RICARDO DE OLIVEIRA LEITE,SIDNEY LEITE,40000608895,AM,PSD,PSD,DEPUTADO FEDERAL,APTO,12,ELEITO POR MÉDIA,3,true,35,35,false
ANTONIO LUIZ PARANHOS RIBEIRO LEITE DE BRITO,ANTONIO BRITO,50000607806,BA,PSD,PSD,DEPUTADO FEDERAL,APTO,12,ELEITO POR QP,2,true,35,35,false
CHARLES FERNANDES SILVEIRA SANTANA,CHARLES FERNANDES,50000607807,BA,PSD,PSD,DEPUTADO FEDERAL,APTO,12,ELEITO POR MÉDIA,3,true,35,35,false
JOSE NUNES SOARES,JOSÉ NUNES,50000607808,BA,PSD,PSD,DEPUTADO FEDERAL,APTO,12,ELEITO POR QP,2,true,35,35,false
OTTO ROBERTO MENDONÇA DE ALENCAR FILHO,OTTO ALENCAR FILHO,50000607811,BA,PSD,PSD,DEPUTADO FEDERAL,APTO,12,ELEITO POR QP,2,true,35,35,false
SERGIO LUIS LACERDA BRITO,SÉRGIO BRITO,50000607813,BA,PSD,PSD,DEPUTADO FEDERAL,APTO,12,ELEITO POR QP,2,true,35,35,false
DOMINGOS GOMES DE AGUIAR NETO,DOMINGOS NETO,60000605060,CE,PSD,PSD,DEPUTADO FEDERAL,APTO,12,ELEITO POR QP,2,true,35,35,false
FRANCISCO RODRIGUES VALE JUNIOR,FRANCISCO JR,90000620365,GO,PSD,PSD,DEPUTADO FEDERAL,APTO,12,ELEITO POR QP,2,true,35,35,false
EDILAZIO GOMES DA SILVA JUNIOR,EDILAZIO,100000609118,MA,PSD,PSD,DEPUTADO FEDERAL,APTO,12,ELEITO POR QP,2,true,35,35,false
DIEGO LEONARDO DE ANDRADE CARVALHO,DIEGO ANDRADE,130000613218,MG,PSD,PSD,DEPUTADO FEDERAL,APTO,12,ELEITO POR QP,2,true,35,35,false
STEFANO AGUIAR DOS SANTOS,STEFANO AGUIAR,130000613225,MG,PSD,PSD,DEPUTADO FEDERAL,APTO,12,ELEITO POR QP,2,true,35,35,false
MISAEL ARTUR FERREIRA VARELLA,MISAEL VARELLA,130000613227,MG,PSD,PSD,DEPUTADO FEDERAL,APTO,12,ELEITO POR QP,2,true,35,35,false
FABIO RICARDO TRAD,FABIO TRAD,120000613463,MS,PSD,PSD,DEPUTADO FEDERAL,APTO,12,ELEITO POR QP,2,true,35,35,false
JOAQUIM PASSARINHO PINTO DE SOUZA PORTO,JOAQUIM PASSARINHO,140000606380,PA,PSD,PSD,DEPUTADO FEDERAL,APTO,12,ELEITO POR QP,2,true,35,35,false
JOÃO FERRARI JUNIOR,JÚNIOR FERRARI,140000606382,PA,PSD,PSD,DEPUTADO FEDERAL,APTO,12,ELEITO POR QP,2,true,35,35,false
ÉDER MAURO CARDOSO BARRA,DELEGADO ÉDER MAURO,140000606383,PA,PSD,PSD,DEPUTADO FEDERAL,APTO,12,ELEITO POR QP,2,true,35,35,false
ANDRE CARLOS ALVES DE PAULA FILHO,ANDRE DE PAULA,170000610290,PE,PSD,PSD,DEPUTADO FEDERAL,APTO,12,ELEITO POR QP,2,true,35,35,false
JULIO CESAR DE CARVALHO LIMA,JÚLIO CESAR,180000613937,PI,PSD,PSD,DEPUTADO FEDERAL,APTO,12,ELEITO POR QP,2,true,35,35,false
GILSON CARDOSO FAHUR,SARGENTO FAHUR,160000619712,PR,PSD,PSD,DEPUTADO FEDERAL,APTO,12,ELEITO POR QP,2,true,35,35,false
NEY LEPREVOST NETO,NEY LEPREVOST,160000619715,PR,PSD,PSD,DEPUTADO FEDERAL,APTO,12,ELEITO POR QP,2,true,35,35,false
SANDRO ALEX CRUZ DE OLIVEIRA,SANDRO ALEX,160000619719,PR,PSD,PSD,DEPUTADO FEDERAL,APTO,12,ELEITO POR QP,2,true,35,35,false
NELSI COGUETTO MARIA,VERMELHO,160000619734,PR,PSD,PSD,DEPUTADO FEDERAL,APTO,12,ELEITO POR MÉDIA,3,true,35,35,false
ALEXANDRE AUGUSTUS SERFIOTIS,ALEXANDRE SERFIOTIS,190000601128,RJ,PSD,PSD,DEPUTADO FEDERAL,APTO,12,ELEITO POR QP,2,true,35,35,false
HUGO LEAL MELO DA SILVA,HUGO LEAL,190000601140,RJ,PSD,PSD,DEPUTADO FEDERAL,APTO,12,ELEITO POR QP,2,true,35,35,false
FLORDELIS DOS SANTOS DE SOUZA,FLORDELIS,190000607923,RJ,PSD,PSD,DEPUTADO FEDERAL,APTO,12,ELEITO POR QP,2,true,35,35,false
FÁBIO SALUSTINO MESQUITA DE FARIA,FÁBIO FARIA,200000611411,RN,PSD,PSD,DEPUTADO FEDERAL,APTO,12,ELEITO POR MÉDIA,3,true,35,35,false
EXPEDITO GONÇALVES FERREIRA NETTO,EXPEDITO NETTO,220000609735,RO,PSD,PSD,DEPUTADO FEDERAL,APTO,12,ELEITO POR QP,2,true,35,35,false
HAROLDO ALVES CAMPOS,HAROLDO CATHEDRAL,230000602389,RR,PSD,PSD,DEPUTADO FEDERAL,APTO,12,ELEITO POR QP,2,true,35,35,false
DANRLEI DE DEUS HINTERHOLZ,DANRLEI DE DEUS GOLEIRO,210000616442,RS,PSD,PSD,DEPUTADO FEDERAL,APTO,12,ELEITO POR QP,2,true,35,35,false
RICARDO ZANATTA GUIDI,RICARDO GUIDI,240000627211,SC,PSD,PSD,DEPUTADO FEDERAL,APTO,12,ELEITO POR MÉDIA,3,true,35,35,false
DARCI DE MATOS,DARCI DE MATOS,240000627214,SC,PSD,PSD,DEPUTADO FEDERAL,APTO,12,ELEITO POR QP,2,true,35,35,false
FÁBIO CRUZ MITIDIERI,FÁBIO MITIDIERI,260000623594,SE,PSD,PSD,DEPUTADO FEDERAL,APTO,12,ELEITO POR QP,2,true,35,35,false
ANTONIO CEZAR CORREIA FREIRE,CEZINHA DE MADUREIRA,250000605472,SP,PSD,PSD,DEPUTADO FEDERAL,APTO,12,ELEITO POR QP,2,true,35,35,false
MARCO AURELIO BERTAIOLLI,MARCO BERTAIOLLI,250000605485,SP,PSD,PSD,DEPUTADO FEDERAL,APTO,12,ELEITO POR QP,2,true,35,35,false
CYLMARA FERNANDES DA ROCHA GRIPP,MARA ROCHA,10000602512,AC,PSDB,PSDB,DEPUTADO FEDERAL,APTO,12,ELEITO POR QP,2,true,30,30,false
TEREZA NELMA DA SILVA PORTO VIANA SOARES,TEREZA NELMA,20000616810,AL,PSDB,PSDB,DEPUTADO FEDERAL,APTO,12,ELEITO POR MÉDIA,3,true,30,30,false
LUIZ CARLOS GOMES DOS SANTOS JUNIOR,LUIZ CARLOS,30000617195,AP,PSDB,PSDB,DEPUTADO FEDERAL,APTO,12,ELEITO POR QP,2,true,30,30,false
ADOLFO VIANA DE CASTRO NETO,ADOLFO VIANA,50000606023,BA,PSDB,PSDB,DEPUTADO FEDERAL,APTO,12,ELEITO POR QP,2,true,30,30,false
ROBERTO SOARES PESSOA,ROBERTO PESSOA,60000611570,CE,PSDB,PSDB,DEPUTADO FEDERAL,APTO,12,ELEITO POR QP,2,true,30,30,false
CÉLIO ANTÔNIO DA SILVEIRA,CÉLIO SILVEIRA,90000620357,GO,PSDB,PSDB,DEPUTADO FEDERAL,APTO,12,ELEITO POR MÉDIA,3,true,30,30,false
EDUARDO LUIZ BARROS BARBOSA,EDUARDO BARBOSA,130000613192,MG,PSDB,PSDB,DEPUTADO FEDERAL,APTO,12,ELEITO POR QP,2,true,30,30,false
PAULO ABI-ACKEL,PAULO ABI ACKEL,130000613199,MG,PSDB,PSDB,DEPUTADO FEDERAL,APTO,12,ELEITO POR QP,2,true,30,30,false
RODRIGO BATISTA DE CASTRO,RODRIGO DE CASTRO,130000613203,MG,PSDB,PSDB,DEPUTADO FEDERAL,APTO,12,ELEITO POR QP,2,true,30,30,false
DOMINGOS SÁVIO CAMPOS RESENDE,DOMINGOS SÁVIO,130000613204,MG,PSDB,PSDB,DEPUTADO FEDERAL,APTO,12,ELEITO POR QP,2,true,30,30,false
AÉCIO NEVES DA CUNHA,AÉCIO NEVES,130000613206,MG,PSDB,PSDB,DEPUTADO FEDERAL,APTO,12,ELEITO POR QP,2,true,30,30,false
HUMBERTO REZENDE PEREIRA,BETO PEREIRA,120000613456,MS,PSDB,PSDB,DEPUTADO FEDERAL,APTO,12,ELEITO POR QP,2,true,30,30,false
ROSIANE MODESTO DE OLIVEIRA,ROSE MODESTO,120000613457,MS,PSDB,PSDB,DEPUTADO FEDERAL,APTO,12,ELEITO POR QP,2,true,30,30,false
VANDER ALBERTO MASSON,VANDER MASSON,110000621355,MT,PSDB,PSDB,DEPUTADO FEDERAL,APTO,12,ELEITO POR MÉDIA,3,true,30,30,false
CELSO SABINO DE OLIVEIRA,CELSO SABINO,140000613798,PA,PSDB,PSDB,DEPUTADO FEDERAL,APTO,12,ELEITO POR QP,2,true,30,30,false
NILSON PINTO DE OLIVEIRA,NILSON PINTO,140000613802,PA,PSDB,PSDB,DEPUTADO FEDERAL,APTO,12,ELEITO POR QP,2,true,30,30,false
EDNACE ALVES SILVESTRE HENRIQUE,EDNA HENRIQUE,150000612361,PB,PSDB,PSDB,DEPUTADO FEDERAL,APTO,12,ELEITO POR QP,2,true,30,30,false
PEDRO OLIVEIRA CUNHA LIMA,PEDRO CUNHA LIMA,150000612364,PB,PSDB,PSDB,DEPUTADO FEDERAL,APTO,12,ELEITO POR QP,2,true,30,30,false
RUY MANUEL CARNEIRO BARBOSA DE AÇA BELCHIOR,RUY CARNEIRO,150000612366,PB,PSDB,PSDB,DEPUTADO FEDERAL,APTO,12,ELEITO POR MÉDIA,3,true,30,30,false
MARIANA FONSECA RIBEIRO CARVALHO DE MORAES,MARIANA CARVALHO,220000609734,RO,PSDB,PSDB,DEPUTADO FEDERAL,APTO,12,ELEITO POR MÉDIA,3,true,30,30,false
SHÉRIDAN ESTÉRFANY OLIVEIRA DE ANCHIETA,SHÉRIDAN,230000604574,RR,PSDB,PSDB,DEPUTADO FEDERAL,APTO,12,ELEITO POR QP,2,true,30,30,false
DANIEL TRZECIAK DUARTE,DANIEL DA TV,210000604795,RS,PSDB,PSDB,DEPUTADO FEDERAL,APTO,12,ELEITO POR MÉDIA,3,true,30,30,false
LUCAS BELLO REDECKER,LUCAS REDECKER,210000604801,RS,PSDB,PSDB,DEPUTADO FEDERAL,APTO,12,ELEITO POR QP,2,true,30,30,false
GEOVANIA DE SA RODRIGUES,GEOVANIA DE SA,240000609626,SC,PSDB,PSDB,DEPUTADO FEDERAL,APTO,12,ELEITO POR QP,2,true,30,30,false
BRUNA DIAS FURLAN,BRUNA FURLAN,250000605403,SP,PSDB,PSDB,DEPUTADO FEDERAL,APTO,12,ELEITO POR QP,2,true,30,30,false
CARLOS HENRIQUE FOCESI SAMPAIO,CARLOS SAMPAIO,250000605404,SP,PSDB,PSDB,DEPUTADO FEDERAL,APTO,12,ELEITO POR QP,2,true,30,30,false
SAMUEL MOREIRA DA SILVA JÚNIOR,SAMUEL MOREIRA,250000605412,SP,PSDB,PSDB,DEPUTADO FEDERAL,APTO,12,ELEITO POR QP,2,true,30,30,false
VITOR LIPPI,VITOR LIPPI,250000605413,SP,PSDB,PSDB,DEPUTADO FEDERAL,APTO,12,ELEITO POR QP,2,true,30,30,false
VANDERLEI MACRIS,VANDERLEI MACRIS,250000605414,SP,PSDB,PSDB,DEPUTADO FEDERAL,APTO,12,ELEITO POR QP,2,true,30,30,false
EDUARDO PEDROSA CURY,EDUARDO CURY,250000605427,SP,PSDB,PSDB,DEPUTADO FEDERAL,APTO,12,ELEITO POR MÉDIA,3,true,30,30,false
PABLO OLIVA SOUZA,DELEGADO PABLO,40000610415,AM,PSL,PSL,DEPUTADO FEDERAL,APTO,12,ELEITO POR QP,2,true,52,52,false
DAYANE JAMILLE CARNEIRO DOS SANTOS PIMENTEL,PROF. DAYANE PIMENTEL,50000609059,BA,PSL,PSL,DEPUTADO FEDERAL,APTO,12,ELEITO POR QP,2,true,52,52,false
HEITOR RODRIGO PEREIRA FREIRE,HEITOR FREIRE,60000611778,CE,PSL,PSL,DEPUTADO FEDERAL,APTO,12,ELEITO POR MÉDIA,3,true,52,52,false
SORAYA DE SOUZA MANNATO,DRA. SORAYA MANATO,80000607531,ES,PSL,PSL,DEPUTADO FEDERAL,APTO,12,ELEITO POR QP,2,true,52,52,false
VITOR HUGO DE ARAUJO ALMEIDA,MAJOR VITOR HUGO,90000616487,GO,PSL,PSL,DEPUTADO FEDERAL,APTO,12,ELEITO POR QP,2,true,52,52,false
WALDIR SOARES DE OLIVEIRA,DELEGADO WALDIR,90000616492,GO,PSL,PSL,DEPUTADO FEDERAL,APTO,12,ELEITO POR QP,2,true,52,52,false
MARCELO EDUARDO FREITAS,DELEGADO MARCELO FREITAS,130000616511,MG,PSL,PSL,DEPUTADO FEDERAL,APTO,12,ELEITO POR QP,2,true,52,52,false
GERALDO JUNIO DO AMARAL,CABO JUNIO AMARAL,130000616536,MG,PSL,PSL,DEPUTADO FEDERAL,APTO,12,ELEITO POR QP,2,true,52,52,false
ALESSANDRA DA SILVA,ALÊ SILVA,130000616616,MG,PSL,PSL,DEPUTADO FEDERAL,APTO,12,ELEITO POR MÉDIA,3,true,52,52,false
CHARLLES THOMACELLI EVANGELISTA,CHARLLES EVANGELISTA,130000616620,MG,PSL,PSL,DEPUTADO FEDERAL,APTO,12,ELEITO POR QP,2,true,52,52,false
ELIEL MÁRCIO DO CARMO,LÉO MOTTA,130000616624,MG,PSL,PSL,DEPUTADO FEDERAL,APTO,12,ELEITO POR QP,2,true,52,52,false
MARCELO HENRIQUE TEIXEIRA DIAS,MARCELO ALVARO ANTONIO,130000616635,MG,PSL,PSL,DEPUTADO FEDERAL,APTO,12,ELEITO POR QP,2,true,52,52,false
LOESTER CARLOS GOMES DE SOUZA,TIO TRUTIS,120000615483,MS,PSL,PSL,DEPUTADO FEDERAL,APTO,12,ELEITO POR QP,2,true,52,52,false
LUIZ ALBERTO OVANDO,DR. LUIZ OVANDO,120000615484,MS,PSL,PSL,DEPUTADO FEDERAL,APTO,12,ELEITO POR MÉDIA,3,true,52,52,false
NELSON NED PREVIDENTE,NELSON BARBUDO,110000621666,MT,PSL,PSL,DEPUTADO FEDERAL,APTO,12,ELEITO POR QP,2,true,52,52,false
GULLIEM CHARLES BEZERRA LEMOS,JULIAN LEMOS,150000615745,PB,PSL,PSL,DEPUTADO FEDERAL,APTO,12,ELEITO POR QP,2,true,52,52,false
LUCIANO CALDAS BIVAR,LUCIANO BIVAR,170000617081,PE,PSL,PSL,DEPUTADO FEDERAL,APTO,12,ELEITO POR QP,2,true,52,52,false
FILIPE BARROS BAPTISTA DE TOLEDO RIBEIRO,FILIPE BARROS,160000626145,PR,PSL,PSL,DEPUTADO FEDERAL,APTO,12,ELEITO POR QP,2,true,52,52,false
ALINE SLEUTJES,ALINE SLEUTJES,160000626150,PR,PSL,PSL,DEPUTADO FEDERAL,APTO,12,ELEITO POR QP,2,true,52,52,false
LUIS FELIPE BONATTO FRANCISCHINI,FELIPE FRANCISCHINI,160000626154,PR,PSL,PSL,DEPUTADO FEDERAL,APTO,12,ELEITO POR QP,2,true,52,52,false
ANTÔNIO DA LUZ FURTADO,DELEGADO ANTÔNIO FURTADO,190000614642,RJ,PSL,PSL,DEPUTADO FEDERAL,APTO,12,ELEITO POR QP,2,true,52,52,false
CARLOS ROBERTO COELHO DE MATTOS JÚNIOR,CARLOS JORDY,190000614646,RJ,PSL,PSL,DEPUTADO FEDERAL,APTO,12,ELEITO POR QP,2,true,52,52,false
CHRISTINE NOGUEIRA DOS REIS TONIETTO,CHRIS TONIETTO,190000614650,RJ,PSL,PSL,DEPUTADO FEDERAL,APTO,12,ELEITO POR QP,2,true,52,52,false
JOZIEL FERREIRA CARLOS,PROFESSOR JOZIEL,190000614659,RJ,PSL,PSL,DEPUTADO FEDERAL,APTO,12,ELEITO POR MÉDIA,3,true,52,52,false
LOURIVAL GOMES DE ALMEIDA,LOURIVAL GOMES,190000614660,RJ,PSL,PSL,DEPUTADO FEDERAL,APTO,12,ELEITO POR QP,2,true,52,52,false
DANIEL LUCIO DA SILVEIRA,DANIEL SILVEIRA,190000614678,RJ,PSL,PSL,DEPUTADO FEDERAL,APTO,12,ELEITO POR MÉDIA,3,true,52,52,false
FABIANA SILVA DE SOUZA,MAJOR FABIANA,190000614683,RJ,PSL,PSL,DEPUTADO FEDERAL,APTO,12,ELEITO POR QP,2,true,52,52,false
FELÍCIO LATERÇA DE ALMEIDA,FELÍCIO LATERÇA,190000614684,RJ,PSL,PSL,DEPUTADO FEDERAL,APTO,12,ELEITO POR QP,2,true,52,52,false
HELIO FERNANDO BARBOSA LOPES,HELIO FERNANDO BARBOSA LOPES,190000614709,RJ,PSL,PSL,DEPUTADO FEDERAL,APTO,12,ELEITO POR QP,2,true,52,52,false
LUIZ EDUARDO CARNEIRO DA SILVA DE SOUZA LIMA,LUIZ LIMA,190000614713,RJ,PSL,PSL,DEPUTADO FEDERAL,APTO,12,ELEITO POR QP,2,true,52,52,false
MÁRCIO DA SILVEIRA LABRE,MÁRCIO LABRE,190000614715,RJ,PSL,PSL,DEPUTADO FEDERAL,APTO,12,ELEITO POR QP,2,true,52,52,false
JOÃO CARLOS SOARES GURGEL,SARGENTO GURGEL,190000614726,RJ,PSL,PSL,DEPUTADO FEDERAL,APTO,12,ELEITO POR QP,2,true,52,52,false
ELIESER GIRAO MONTEIRO FILHO,GENERAL GIRAO,200000600638,RN,PSL,PSL,DEPUTADO FEDERAL,APTO,12,ELEITO POR QP,2,true,52,52,false
JOAO CHRISÓSTOMO DE MOURA,CORONEL CHRISÓSTOMO,220000625846,RO,PSL,PSL,DEPUTADO FEDERAL,APTO,12,ELEITO POR MÉDIA,3,true,52,52,false
ANTONIO CARLOS NICOLETTI,NICOLETTI,230000606191,RR,PSL,PSL,DEPUTADO FEDERAL,APTO,12,ELEITO POR MÉDIA,3,true,52,52,false
ALCIBIO MESQUITA BIBO NUNES,BIBO NUNES,210000603683,RS,PSL,PSL,DEPUTADO FEDERAL,APTO,12,ELEITO POR QP,2,true,52,52,false
NEREU CRISPIM,NEREU CRISPIN,210000603696,RS,PSL,PSL,DEPUTADO FEDERAL,APTO,12,ELEITO POR MÉDIA,3,true,52,52,false
UBIRATAN ANTUNES SANDERSON,SANDERSON FEDERAL,210000603701,RS,PSL,PSL,DEPUTADO FEDERAL,APTO,12,ELEITO POR QP,2,true,52,52,false
CAROLINE RODRIGUES DE TONI,CAROLINE DE TONI,240000609710,SC,PSL,PSL,DEPUTADO FEDERAL,APTO,12,ELEITO POR QP,2,true,52,52,false
DANIEL COSTA DE FREITAS,DANIEL FREITAS,240000609712,SC,PSL,PSL,DEPUTADO FEDERAL,APTO,12,ELEITO POR QP,2,true,52,52,false
FABIO LUIZ SCHIOCHET FILHO,FABIO SCHIOCHET,240000609717,SC,PSL,PSL,DEPUTADO FEDERAL,APTO,12,ELEITO POR QP,2,true,52,52,false
LUIZ ARMANDO SCHROEDER REIS,CORONEL ARMANDO,240000609719,SC,PSL,PSL,DEPUTADO FEDERAL,APTO,12,ELEITO POR MÉDIA,3,true,52,52,false
NICOLINO BOZZELLA JUNIOR,JUNIOR BOZZELLA,250000613292,SP,PSL,PSL,DEPUTADO FEDERAL,APTO,12,ELEITO POR QP,2,true,52,52,false
CARLA ZAMBELLI SALGADO,CARLA ZAMBELLI,250000613295,SP,PSL,PSL,DEPUTADO FEDERAL,APTO,12,ELEITO POR QP,2,true,52,52,false
JOSÉ GUILHERME NEGRÃO PEIXOTO,GUIGA PEIXOTO,250000613299,SP,PSL,PSL,DEPUTADO FEDERAL,APTO,12,ELEITO POR QP,2,true,52,52,false
PAULO SERGIO ABOU ANNI,ABOU ANNI,250000613300,SP,PSL,PSL,DEPUTADO FEDERAL,APTO,12,ELEITO POR QP,2,true,52,52,false
ROBERTO SEBASTIÃO PETERNELLI JUNIOR,GENERAL PETERNELLI,250000613307,SP,PSL,PSL,DEPUTADO FEDERAL,APTO,12,ELEITO POR QP,2,true,52,52,false
ALEXANDRE FROTA DE ANDRADE,ALEXANDRE FROTA,250000613358,SP,PSL,PSL,DEPUTADO FEDERAL,APTO,12,ELEITO POR QP,2,true,52,52,false
EDUARDO NANTES BOLSONARO,EDUARDO BOLSONARO,250000613378,SP,PSL,PSL,DEPUTADO FEDERAL,APTO,12,ELEITO POR QP,2,true,52,52,false
LUIZ PHILIPPE DE ORLEANS BRAGANÇA,LUIZ PHILIPPE O. BRAGANÇA,250000613393,SP,PSL,PSL,DEPUTADO FEDERAL,APTO,12,ELEITO POR QP,2,true,52,52,false
MARCIO TADEU ANHAIA DE LEMOS,CORONEL TADEU,250000613447,SP,PSL,PSL,DEPUTADO FEDERAL,APTO,12,ELEITO POR QP,2,true,52,52,false
JOICE CRISTINA HASSELMANN,JOICE HASSELMANN,250000613451,SP,PSL,PSL,DEPUTADO FEDERAL,APTO,12,ELEITO POR QP,2,true,52,52,false
ÁUREA CAROLINA DE FREITAS E SILVA,AUREA CAROLINA,130000606694,MG,PSOL,PSOL,DEPUTADO FEDERAL,APTO,12,ELEITO POR QP,2,true,10,10,false
EDMILSON BRITO RODRIGUES,EDMILSON RODRIGUES,140000604451,PA,PSOL,PSOL,DEPUTADO FEDERAL,APTO,12,ELEITO POR QP,2,true,10,10,false
GLAUBER DE MEDEIROS BRAGA,GLAUBER BRAGA,190000602093,RJ,PSOL,PSOL,DEPUTADO FEDERAL,APTO,12,ELEITO POR QP,2,true,10,10,false
JEAN WYLLYS DE MATOS SANTOS,JEAN WYLLYS,190000602097,RJ,PSOL,PSOL,DEPUTADO FEDERAL,APTO,12,ELEITO POR MÉDIA,3,true,10,10,false
MARCELO RIBEIRO FREIXO,MARCELO FREIXO,190000602109,RJ,PSOL,PSOL,DEPUTADO FEDERAL,APTO,12,ELEITO POR QP,2,true,10,10,false
TALIRIA PETRONE SOARES,TALÍRIA PETRONE,190000602120,RJ,PSOL,PSOL,DEPUTADO FEDERAL,APTO,12,ELEITO POR QP,2,true,10,10,false
FERNANDA MELCHIONNA E SILVA,FERNANDA MELCHIONNA,210000600043,RS,PSOL,PSOL,DEPUTADO FEDERAL,APTO,12,ELEITO POR MÉDIA,3,true,10,10,false
IVAN VALENTE,IVAN VALENTE,250000601477,SP,PSOL,PSOL,DEPUTADO FEDERAL,APTO,12,ELEITO POR QP,2,true,10,10,false
LUIZA ERUNDINA DE SOUSA,LUIZA ERUNDINA,250000601478,SP,PSOL,PSOL,DEPUTADO FEDERAL,APTO,12,ELEITO POR QP,2,true,10,10,false
SAMIA DE SOUZA BOMFIM,SÂMIA BOMFIM,250000601643,SP,PSOL,PSOL,DEPUTADO FEDERAL,APTO,12,ELEITO POR QP,2,true,10,10,false
LEONARDO CUNHA DE BRITO,LEO DE BRITO,10000608399,AC,PT,PT,DEPUTADO FEDERAL,APTO,12,ELEITO POR MÉDIA,3,true,56,56,false
PAULO FERNANDO DOS SANTOS,PAULÃO,20000621937,AL,PT,PT,DEPUTADO FEDERAL,APTO,12,ELEITO POR MÉDIA,3,true,56,56,false
JOSE RICARDO WENDLING,JOSÉ RICARDO,40000610429,AM,PT,PT,DEPUTADO FEDERAL,APTO,12,ELEITO POR QP,2,true,56,56,false
WALDENOR ALVES PEREIRA FILHO,WALDENOR PEREIRA,50000607787,BA,PT,PT,DEPUTADO FEDERAL,APTO,12,ELEITO POR QP,2,true,56,56,false
JOSÉ CERQUEIRA DE SANTANA NETO,ZÉ NETO,50000607788,BA,PT,PT,DEPUTADO FEDERAL,APTO,12,ELEITO POR QP,2,true,56,56,false
AFONSO BANDEIRA FLORENCE,AFONSO FLORENCE,50000607789,BA,PT,PT,DEPUTADO FEDERAL,APTO,12,ELEITO POR QP,2,true,56,56,false
JORGE JOSÉ SANTOS PEREIRA SOLLA,JORGE SOLLA,50000607792,BA,PT,PT,DEPUTADO FEDERAL,APTO,12,ELEITO POR QP,2,true,56,56,false
JOSIAS GOMES DA SILVA,JOSIAS GOMES,50000620044,BA,PT,PT,DEPUTADO FEDERAL,APTO,12,ELEITO POR QP,2,true,56,56,false
NELSON VICENTE PORTELA PELLEGRINO,PELEGRINO,50000620045,BA,PT,PT,DEPUTADO FEDERAL,APTO,12,ELEITO POR QP,2,true,56,56,false
VALMIR CARLOS DA ASSUNÇÃO,VALMIR ASSUNÇÃO,50000620051,BA,PT,PT,DEPUTADO FEDERAL,APTO,12,ELEITO POR QP,2,true,56,56,false
JOSE AIRTON FELIX CIRILO DA SILVA,JOSE AIRTON,60000610989,CE,PT,PT,DEPUTADO FEDERAL,APTO,12,ELEITO POR QP,2,true,56,56,false
JOSE NOBRE GUIMARAES,GUIMARAES,60000610990,CE,PT,PT,DEPUTADO FEDERAL,APTO,12,ELEITO POR QP,2,true,56,56,false
LUIZIANNE DE OLIVEIRA LINS,LUIZIANNE,60000610991,CE,PT,PT,DEPUTADO FEDERAL,APTO,12,ELEITO POR QP,2,true,56,56,false
ERIKA JUCA KOKAY,ERIKA KOKAY,70000610837,DF,PT,PT,DEPUTADO FEDERAL,APTO,12,ELEITO POR MÉDIA,3,true,56,56,false
HELDER IGNACIO SALOMÃO,HELDER SALOMÃO,80000626736,ES,PT,PT,DEPUTADO FEDERAL,APTO,12,ELEITO POR MÉDIA,3,true,56,56,false
RUBENS OTONI GOMIDE,RUBENS OTONI,90000619112,GO,PT,PT,DEPUTADO FEDERAL,APTO,12,ELEITO POR MÉDIA,3,true,56,56,false
JOSE CARLOS NUNES JUNIOR,ZE CARLOS,100000616293,MA,PT,PT,DEPUTADO FEDERAL,APTO,12,ELEITO POR MÉDIA,3,true,56,56,false
JOSÉ LEONARDO COSTA MONTEIRO,LEONARDO MONTEIRO,130000626962,MG,PT,PT,DEPUTADO FEDERAL,APTO,12,ELEITO POR QP,2,true,56,56,false
MARIA MARGARIDA MARTINS SALOMÃO,MARGARIDA SALOMÃO,130000626964,MG,PT,PT,DEPUTADO FEDERAL,APTO,12,ELEITO POR QP,2,true,56,56,false
ODAIR JOSÉ DA CUNHA,ODAIR CUNHA,130000626966,MG,PT,PT,DEPUTADO FEDERAL,APTO,12,ELEITO POR QP,2,true,56,56,false
PATRUS ANANIAS DE SOUZA,PATRUS ANANIAS,130000626967,MG,PT,PT,DEPUTADO FEDERAL,APTO,12,ELEITO POR QP,2,true,56,56,false
PAULO JOSÉ CARLOS GUEDES,PAULO GUEDES,130000626968,MG,PT,PT,DEPUTADO FEDERAL,APTO,12,ELEITO POR QP,2,true,56,56,false
REGINALDO LAZARO DE OLIVEIRA LOPES,REGINALDO LOPES,130000626978,MG,PT,PT,DEPUTADO FEDERAL,APTO,12,ELEITO POR QP,2,true,56,56,false
ROGERIO CORREIA DE MOURA BAPTISTA,ROGÉRIO CORREIA,130000626980,MG,PT,PT,DEPUTADO FEDERAL,APTO,12,ELEITO POR QP,2,true,56,56,false
JOÃO CARLOS SIQUEIRA,PADRE JOÃO,130000626982,MG,PT,PT,DEPUTADO FEDERAL,APTO,12,ELEITO POR QP,2,true,56,56,false
VANDER LUIZ DOS SANTOS LOUBET,VANDER LOUBET,120000620272,MS,PT,PT,DEPUTADO FEDERAL,APTO,12,ELEITO POR MÉDIA,3,true,56,56,false
ROSA NEIDE SANDES DE ALMEIDA,PROFESSORA ROSA NEIDE,110000611610,MT,PT,PT,DEPUTADO FEDERAL,APTO,12,ELEITO POR MÉDIA,3,true,56,56,false
AIRTON LUIZ FALEIRO,AIRTON FALEIRO,140000627194,PA,PT,PT,DEPUTADO FEDERAL,APTO,12,ELEITO POR MÉDIA,3,true,56,56,false
JOSE ROBERTO OLIVEIRA FARO,BETO FARO,140000627198,PA,PT,PT,DEPUTADO FEDERAL,APTO,12,ELEITO POR QP,2,true,56,56,false
ANTONIO RIBEIRO,FREI ANASTACIO,150000608803,PB,PT,PT,DEPUTADO FEDERAL,APTO,12,ELEITO POR QP,2,true,56,56,false
JOSÉ CARLOS VERAS DOS SANTOS,CARLOS VERAS,170000621474,PE,PT,PT,DEPUTADO FEDERAL,APTO,12,ELEITO POR QP,2,true,56,56,false
MARÍLIA VALENÇA ROCHA ARRAES DE ALENCAR,MARÍLIA ARRAES,170000621500,PE,PT,PT,DEPUTADO FEDERAL,APTO,12,ELEITO POR QP,2,true,56,56,false
FRANCISCO DE ASSIS CARVALHO GONÇALVES,ASSIS CARVALHO,180000613941,PI,PT,PT,DEPUTADO FEDERAL,APTO,12,ELEITO POR QP,2,true,56,56,false
REJANE RIBEIRO SOUSA DIAS,REJANE DIAS,180000613945,PI,PT,PT,DEPUTADO FEDERAL,APTO,12,ELEITO POR QP,2,true,56,56,false
JOSE CARLOS BECKER DE OLIVEIRA E SILVA,ZECA DIRCEU,160000623017,PR,PT,PT,DEPUTADO FEDERAL,APTO,12,ELEITO POR QP,2,true,56,56,false
ENIO JOSÉ VERRI,ENIO VERRI,160000623066,PR,PT,PT,DEPUTADO FEDERAL,APTO,12,ELEITO POR MÉDIA,3,true,56,56,false
GLEISI HELENA HOFFMANN,GLEISI LULA,160000623070,PR,PT,PT,DEPUTADO FEDERAL,APTO,12,ELEITO POR QP,2,true,56,56,false
BENEDITA SOUZA DA SILVA SAMPAIO,BENEDITA DA SILVA,190000613602,RJ,PT,PT,DEPUTADO FEDERAL,APTO,12,ELEITO POR QP,2,true,56,56,false
NATALIA BASTOS BONAVIDES,NATALIA BONAVIDES,200000606739,RN,PT,PT,DEPUTADO FEDERAL,APTO,12,ELEITO POR QP,2,true,56,56,false
ELVINO JOSÉ BOHN GASS,BOHN GASS,210000611343,RS,PT,PT,DEPUTADO FEDERAL,APTO,12,ELEITO POR QP,2,true,56,56,false
MARIA DO ROSÁRIO NUNES,MARIA DO ROSÁRIO,210000611346,RS,PT,PT,DEPUTADO FEDERAL,APTO,12,ELEITO POR MÉDIA,3,true,56,56,false
DIONILSO MATEUS MARCON,MARCON,210000611372,RS,PT,PT,DEPUTADO FEDERAL,APTO,12,ELEITO POR QP,2,true,56,56,false
HENRIQUE FONTANA JÚNIOR,HENRIQUE FONTANA,210000611373,RS,PT,PT,DEPUTADO FEDERAL,APTO,12,ELEITO POR QP,2,true,56,56,false
PAULO ROBERTO SEVERO PIMENTA,PAULO PIMENTA,210000611383,RS,PT,PT,DEPUTADO FEDERAL,APTO,12,ELEITO POR QP,2,true,56,56,false
PEDRO FRANCISCO UCZAI,PROFESSOR PEDRO UCZAI,240000624342,SC,PT,PT,DEPUTADO FEDERAL,APTO,12,ELEITO POR QP,2,true,56,56,false
JOAO SOMARIVA DANIEL,JOAO DANIEL,260000623621,SE,PT,PT,DEPUTADO FEDERAL,APTO,12,ELEITO POR MÉDIA,3,true,56,56,false
MARCIO COSTA MACÊDO,MARCIO MACÊDO,260000623622,SE,PT,PT,DEPUTADO FEDERAL,APTO,12,ELEITO POR MÉDIA,3,true,56,56,false
ALEXANDRE ROCHA SANTOS PADILHA,ALEXANDRE PADILHA,250000623892,SP,PT,PT,DEPUTADO FEDERAL,APTO,12,ELEITO POR QP,2,true,56,56,false
ARLINDO CHIGNALIA JUNIOR,ARLINDO CHINAGLIA,250000623894,SP,PT,PT,DEPUTADO FEDERAL,APTO,12,ELEITO POR QP,2,true,56,56,false
CARLOS ALBERTO ROLIM ZARATTINI,CARLOS ZARATTINI,250000623897,SP,PT,PT,DEPUTADO FEDERAL,APTO,12,ELEITO POR QP,2,true,56,56,false
LUIZ PAULO TEIXEIRA FERREIRA,PAULO TEIXEIRA,250000623915,SP,PT,PT,DEPUTADO FEDERAL,APTO,12,ELEITO POR QP,2,true,56,56,false
VICENTE PAULO DA SILVA,VICENTINHO,250000623925,SP,PT,PT,DEPUTADO FEDERAL,APTO,12,ELEITO POR QP,2,true,56,56,false
ALENCAR SANTANA BRAGA,ALENCAR SANTANA,250000623927,SP,PT,PT,DEPUTADO FEDERAL,APTO,12,ELEITO POR MÉDIA,3,true,56,56,false
NILTO IGNACIO TATTO,NILTO TATTO,250000623958,SP,PT,PT,DEPUTADO FEDERAL,APTO,12,ELEITO POR QP,2,true,56,56,false
RUI GOETHE DA COSTA FALCÃO,RUI FALCÃO,250000623968,SP,PT,PT,DEPUTADO FEDERAL,APTO,12,ELEITO POR QP,2,true,56,56,false
CELIO ALVES DE MOURA,CELIO MOURA,270000626122,TO,PT,PT,DEPUTADO FEDERAL,APTO,12,ELEITO POR MÉDIA,3,true,56,56,false
NIVALDO FERREIRA DE ALBUQUERQUE NETO,NIVALDO ALBUQUERQUE,20000621947,AL,PTB,PTB,DEPUTADO FEDERAL,APTO,12,ELEITO POR QP,2,true,10,10,false
PEDRO AUGUSTO GEROMEL BEZERRA DE MENEZES,PEDRO BEZERRA,60000611949,CE,PTB,PTB,DEPUTADO FEDERAL,APTO,12,ELEITO POR QP,2,true,10,10,false
PEDRO LUCAS ANDRADE FERNANDES RIBEIRO,PEDRO LUCAS FERNANDES,100000601893,MA,PTB,PTB,DEPUTADO FEDERAL,APTO,12,ELEITO POR QP,2,true,10,10,false
EMANUEL PINHEIRO DA SILVA PRIMO,EMANUELZINHO,110000611603,MT,PTB,PTB,DEPUTADO FEDERAL,APTO,12,ELEITO POR QP,2,true,10,10,false
JOSE EDUARDO PEREIRA DA COSTA,EDUARDO COSTA,140000606378,PA,PTB,PTB,DEPUTADO FEDERAL,APTO,12,ELEITO POR MÉDIA,3,true,10,10,false
PAULO EDUARDO MAESTRI BENGTSON,PAULO BENGTSON,140000606379,PA,PTB,PTB,DEPUTADO FEDERAL,APTO,12,ELEITO POR QP,2,true,10,10,false
JOSÉ WILSON SANTIAGO,WILSON SANTIAGO,150000608815,PB,PTB,PTB,DEPUTADO FEDERAL,APTO,12,ELEITO POR MÉDIA,3,true,10,10,false
LUISA DOS SANTOS SILVEIRA,LUISA CANZIANI,160000623130,PR,PTB,PTB,DEPUTADO FEDERAL,APTO,12,ELEITO POR QP,2,true,10,10,false
MARCELO PIRES MORAES,MARCELO MORAES,210000604803,RS,PTB,PTB,DEPUTADO FEDERAL,APTO,12,ELEITO POR MÉDIA,3,true,10,10,false
MAURÍCIO ALEXANDRE DZIEDRICKI,MAURÍCIO DZIEDRICKI,210000604804,RS,PTB,PTB,DEPUTADO FEDERAL,APTO,12,ELEITO POR QP,2,true,10,10,false
MARINA SANTOS BATISTA DIAS,DRA. MARINA,180000608765,PI,PTC,PTC,DEPUTADO FEDERAL,APTO,12,ELEITO POR MÉDIA,3,true,2,2,false
LUIZ BENES LEOCADIO DE ARAUJO,BENES LEOCADIO,200000611405,RN,PTC,PTC,DEPUTADO FEDERAL,APTO,12,ELEITO POR QP,2,true,2,2,false
CELIO STUDART BARBOSA,CELIO STUDART,60000611009,CE,PV,PV,DEPUTADO FEDERAL,APTO,12,ELEITO POR QP,2,true,4,4,false
ISRAEL MATOS BATISTA,PROFESSOR ISRAEL,70000614421,DF,PV,PV,DEPUTADO FEDERAL,APTO,12,ELEITO POR QP,2,true,4,4,false
LEANDRE DAL PONTE,LEANDRE,160000612882,PR,PV,PV,DEPUTADO FEDERAL,APTO,12,ELEITO POR QP,2,true,4,4,false
ENRICO VAN BLARCUM DE GRAAFF MISASI,ENRICO MISASI,250000611282,SP,PV,PV,DEPUTADO FEDERAL,APTO,12,ELEITO POR QP,2,true,4,4,false
JOENIA BATISTA DE CARVALHO,JOENIA WAPICHANA,230000615942,RR,REDE,REDE,DEPUTADO FEDERAL,APTO,12,ELEITO POR MÉDIA,3,true,1,1,false
VANDA DENIR MILANI NOGUEIRA,DRA. VANDA MILANI,10000602523,AC,SOLIDARIEDADE,SOLIDARIEDADE,DEPUTADO FEDERAL,APTO,12,ELEITO POR QP,2,true,13,13,false
JOÃO BOSCO GOMES SARAIVA,BOSCO SARAIVA,40000610405,AM,SOLIDARIEDADE,SOLIDARIEDADE,DEPUTADO FEDERAL,APTO,12,ELEITO POR MÉDIA,3,true,13,13,false
GENECIAS MATEUS NORONHA,GENECIAS NORONHA,60000605031,CE,SOLIDARIEDADE,SOLIDARIEDADE,DEPUTADO FEDERAL,INAPTO,3,ELEITO POR QP,2,true,13,13,false
LUCAS DE CASTRO SANTOS,LUCAS VERGÍLIO,90000620358,GO,SOLIDARIEDADE,SOLIDARIEDADE,DEPUTADO FEDERAL,APTO,12,ELEITO POR QP,2,true,13,13,false
JOSÉ SILVA SOARES,ZÉ SILVA,130000613212,MG,SOLIDARIEDADE,SOLIDARIEDADE,DEPUTADO FEDERAL,APTO,12,ELEITO POR QP,2,true,13,13,false
LEONARDO RIBEIRO ALBUQUERQUE,DR LEONARDO,110000621350,MT,SOLIDARIEDADE,SOLIDARIEDADE,DEPUTADO FEDERAL,APTO,12,ELEITO POR QP,2,true,13,13,false
AUGUSTO RODRIGUES COUTINHO DE MELO,AUGUSTO COUTINHO,170000614138,PE,SOLIDARIEDADE,SOLIDARIEDADE,DEPUTADO FEDERAL,APTO,12,ELEITO POR MÉDIA,3,true,13,13,false
AUREO LIDIO MOREIRA RIBEIRO,AUREO,190000603376,RJ,SOLIDARIEDADE,SOLIDARIEDADE,DEPUTADO FEDERAL,APTO,12,ELEITO POR QP,2,true,13,13,false
JOSE OTACI BARROSO DO NASCIMENTO,OTACI,230000602390,RR,SOLIDARIEDADE,SOLIDARIEDADE,DEPUTADO FEDERAL,APTO,12,ELEITO POR MÉDIA,3,true,13,13,false
LUIZ AUGUSTO CARVALHO RIBEIRO FILHO,GUSTINHO RIBEIRO,260000621974,SE,SOLIDARIEDADE,SOLIDARIEDADE,DEPUTADO FEDERAL,APTO,12,ELEITO POR QP,2,true,13,13,false
PAULO PEREIRA DA SILVA,PAULINHO DA FORÇA,250000604972,SP,SOLIDARIEDADE,SOLIDARIEDADE,DEPUTADO FEDERAL,APTO,12,ELEITO POR MÉDIA,3,true,13,13,false
TIAGO BRAGA PEREIRA,TIAGO DIMAS,270000618825,TO,SOLIDARIEDADE,SOLIDARIEDADE,DEPUTADO FEDERAL,APTO,12,ELEITO POR QP,2,true,13,13,false
ELI DIAS BORGES,ELI BORGES,270000618830,TO,SOLIDARIEDADE,SOLIDARIEDADE,DEPUTADO FEDERAL,APTO,12,ELEITO POR QP,2,true,13,13,false
