election,party,votes,vote_share,seats,q_i,d_i,R_i,A_i,B_i,sign_A_i,sign_B_i,sign_d_i,component_pattern,classification,strong_reinforcement,substantial_offset,large_countervailing_component,offset_cancellation_fraction,d_sign_differs_from_A,d_sign_differs_from_B,A_over_q,B_over_q,accounting_qualification,identity_residual
2014,DEM,4085487,0.041964687427462899,21,21.527884650288467,-0.52788465028846798,0.97547902829916944,-0.249641001967012,-0.27824364832145598,-,-,-,A- B-,both negative,false,false,false,0,false,false,-0.011596169620114853,-0.012924802080715699,ex post accounting attribution; proportional electoral coalitions pooled lists,0
2014,PCB,66979,0.00068798476147495697,0,0.35293618263665294,-0.35293618263665294,0,-0.34631810216584868,-0.006618080470804269,-,-,-,A- B-,both negative,false,false,false,0,false,false,-0.98124850668083086,-0.018751493319169175,ex post accounting attribution; proportional electoral coalitions pooled lists,0
2014,PCO,12969,0.00013321301260945547,0,0.06833827546865065,-0.06833827546865065,0,-0.059698676690525969,-0.0086395987781246828,-,-,-,A- B-,both negative,false,false,false,0,false,false,-0.87357599063078506,-0.12642400936921494,ex post accounting attribution; proportional electoral coalitions pooled lists,0
2014,PCdoB,1913015,0.019649818129160109,10,10.080356700259134,-0.080356700259135203,0.99202838722392939,-0.56887587025476349,0.48851916999562828,-,+,-,A- B+,between-positive / within-offset,false,true,false,0.92400503388014121,false,true,-0.056434101209944229,0.048462488433873567,ex post accounting attribution; proportional electoral coalitions pooled lists,0
2014,PDT,3528346,0.036241930772497627,20,18.592110486291283,1.4078895137087171,1.075725104729063,-0.15563789039051862,1.5635274040992357,-,+,+,A- B+,between-positive / within-offset,false,false,false,0.18106215951353499,true,false,-0.0083711792970075534,0.084096284026070514,ex post accounting attribution; proportional electoral coalitions pooled lists,0
2014,PEN,667983,0.0068612867454624013,2,3.5198401004222122,-1.519840100422212,0.5682076295909283,-1.6109154150291392,0.09107531460692718,-,+,-,A- B+,between-positive / within-offset,false,false,false,0.10702210419959414,false,true,-0.4576672147225968,0.025874844313525068,ex post accounting attribution; proportional electoral coalitions pooled lists,0
2014,PHS,943068,0.009686863241234786,5,4.9693608427534457,0.030639157246554718,1.0061656132883234,-0.092075568339311492,0.12271472558586621,-,+,+,A- B+,between-positive / within-offset,false,false,false,0.85735315741395701,true,false,-0.018528654137398858,0.024694267425722279,ex post accounting attribution; proportional electoral coalitions pooled lists,0
2014,PMDB,10791949,0.11085110943153675,65,56.866619138378361,8.1333808616216423,1.1430255743150477,3.9086952162479633,4.224685645373679,+,+,+,A+ B+,reinforcement,true,false,false,0,false,false,0.068734439913450879,0.074291134401596723,ex post accounting attribution; proportional electoral coalitions pooled lists,0
2014,PMN,468473,0.0048119901038005571,3,2.4685509232496861,0.53144907675031416,1.2152878726320526,0.17331405094358679,0.35813502580672729,+,+,+,A+ B+,reinforcement,false,false,false,0,false,false,0.070208821422824932,0.14507905120922762,ex post accounting attribution; proportional electoral coalitions pooled lists,0
2014,PP,6429791,0.066044554673387559,38,33.88085654744782,4.1191434525521835,1.1215773115648244,2.6446005331920679,1.4745429193601152,+,+,+,A+ B+,reinforcement,true,false,false,0,false,false,0.078055893583696342,0.04352141798112804,ex post accounting attribution; proportional electoral coalitions pooled lists,0
2014,PPL,141254,0.0014509114722134338,0,0.74431758524549152,-0.74431758524549152,0,-0.88653519825865812,0.14221761301316663,-,+,-,A- B+,between-positive / within-offset,false,false,false,0.27648549088744862,false,true,-1.1910711446730904,0.19107114467309044,ex post accounting attribution; proportional electoral coalitions pooled lists,0
2014,PPS,1955689,0.020088150467821215,10,10.305221189992283,-0.30522118999228331,0.97038188852378127,0.49172716273906059,-0.7969483527313439,+,-,-,A+ B-,within-positive / between-offset,false,true,false,0.76315124612197771,true,false,0.047716313281717028,-0.07733442475793581,ex post accounting attribution; proportional electoral coalitions pooled lists,0
2014,PR,5635519,0.057886071679221669,34,29.695554771440715,4.3044452285592838,1.1449525109629883,5.0428381901785997,-0.73839296161931556,+,-,+,A+ B-,within-positive / between-offset,false,false,false,0.25544488439618313,false,true,0.16981794847720705,-0.024865437514218613,ex post accounting attribution; proportional electoral coalitions pooled lists,0
2014,PRB,4424824,0.045450237898575149,21,23.315972041969054,-2.315972041969053,0.90067014843729132,-0.14155684335101232,-2.1744151986180404,-,-,-,A- B-,both negative,false,false,false,0,false,false,-0.0060712391958700302,-0.093258612366838703,ex post accounting attribution; proportional electoral coalitions pooled lists,0
2014,PROS,1977117,0.020308251357187813,11,10.418132946237348,0.5818670537626518,1.0558513753630685,-0.1816975019025609,0.76356455566521275,-,+,+,A- B+,between-positive / within-offset,false,false,false,0.38443836912291068,true,false,-0.017440505207622969,0.073291880570691373,ex post accounting attribution; proportional electoral coalitions pooled lists,0
2014,PRP,724825,0.0074451478035815061,3,3.8193608232373126,-0.81936082323731263,0.78547174222130245,-1.2129420394327874,0.39358121619547476,-,+,-,A- B+,between-positive / within-offset,false,true,false,0.48997885939915281,false,true,-0.31757723230891044,0.10304897453021289,ex post accounting attribution; proportional electoral coalitions pooled lists,0
2014,PRTB,454190,0.0046652801447365699,1,2.3932887142498602,-1.3932887142498604,0.41783508777938422,-1.9123380554896656,0.51904934123980517,-,+,-,A- B+,between-positive / within-offset,false,true,false,0.42695733467895197,false,true,-0.79904193927938139,0.21687702705876558,ex post accounting attribution; proportional electoral coalitions pooled lists,0
2014,PSB,6267878,0.064381441209694537,34,33.0276793405733,0.97232065942670187,1.0294395694411458,0.64936412077632222,0.32295653865037965,+,+,+,A+ B+,reinforcement,false,false,false,0,false,false,0.019661209438308978,0.0097783600028367515,ex post accounting attribution; proportional electoral coalitions pooled lists,0
2014,PSC,2520421,0.025888879208430592,13,13.280995033924894,-0.28099503392489333,0.97884232068402099,-0.3313047936910713,0.050309759766177978,-,+,-,A- B+,between-positive / within-offset,false,false,false,0.26366793043082393,false,true,-0.02494578100848531,0.0037881016925062493,ex post accounting attribution; proportional electoral coalitions pooled lists,0
2014,PSD,5967953,0.061300716959028265,36,31.4472677999815,4.5527322000185011,1.1447735373697927,4.6459413100010254,-0.093209109982523922,+,-,+,A+ B-,within-positive / between-offset,false,false,false,0.039335788790112923,false,true,0.14773751855173117,-0.0029639811819384436,ex post accounting attribution; proportional electoral coalitions pooled lists,0
2014,PSDB,11088715,0.11389938554380892,54,58.430384783973977,-4.4303847839739765,0.92417669675882197,0.58094649032517098,-5.0113312742991472,+,-,-,A+ B-,within-positive / between-offset,false,false,false,0.20776739453112561,true,false,0.0099425408967101364,-0.085765844137888222,ex post accounting attribution; proportional electoral coalitions pooled lists,0
2014,PSDC,509936,0.0052378834758281499,2,2.687034223099841,-0.68703422309984097,0.74431504549009486,-1.2635748060744627,0.57654058297462163,-,+,-,A- B+,between-positive / within-offset,false,true,false,0.6266352495128692,false,true,-0.4702488696317258,0.21456391512182069,ex post accounting attribution; proportional electoral coalitions pooled lists,0
2014,PSL,808710,0.0083067850587857754,1,4.2613807351571031,-3.2613807351571027,0.23466572506648678,-3.2953376509375389,0.033956915780436227,-,+,-,A- B+,between-positive / within-offset,false,false,false,0.020398865345165908,false,true,-0.77330279919615097,0.007968524262637694,ex post accounting attribution; proportional electoral coalitions pooled lists,0
2014,PSOL,1745470,0.017928854739719811,5,9.1975024814762634,-4.1975024814762625,0.54362583865239311,-3.8848866929747401,-0.31261578850152255,-,-,-,A- B-,both negative,false,false,false,0,false,false,-0.42238495730758302,-0.033989204040023868,ex post accounting attribution; proportional electoral coalitions pooled lists,0
2014,PSTU,188473,0.0019359284544330248,0,0.99313129712414172,-0.99313129712414172,0,-1.0151997928124696,0.022068495688327978,-,+,-,A- B+,between-positive / within-offset,false,false,false,0.042551181662411362,false,true,-1.0222211260003917,0.022221126000391677,ex post accounting attribution; proportional electoral coalitions pooled lists,0
2014,PT,13554166,0.13922363222057618,69,71.421723329155583,-2.4217233291555798,0.96609262257654049,-1.2154112265853221,-1.2063121025702577,-,-,-,A- B-,both negative,true,false,false,0,false,false,-0.01701738868696788,-0.016889988736491609,ex post accounting attribution; proportional electoral coalitions pooled lists,0
2014,PT DO B,812497,0.0083456837925934713,1,4.2813357856004508,-3.2813357856004508,0.2335719621346522,-3.6149652242462449,0.33362943864579403,-,+,-,A- B+,between-positive / within-offset,false,false,false,0.16898642029842403,false,true,-0.84435452047572845,0.077926482610380682,ex post accounting attribution; proportional electoral coalitions pooled lists,0
2014,PTB,3914193,0.040205215626867324,25,20.625275616582936,4.3747243834170639,1.2121050144852241,4.0844725355508311,0.29025184786623248,+,+,+,A+ B+,reinforcement,false,false,false,0,false,false,0.19803238567473364,0.014072628810490512,ex post accounting attribution; proportional electoral coalitions pooled lists,0
2014,PTC,338117,0.0034730190596400073,2,1.7816587775953237,0.21834122240467638,1.1225494046056159,0.13564898317681648,0.082692239227859912,+,+,+,A+ B+,reinforcement,false,false,false,0,false,false,0.076136342650246269,0.04641306195536965,ex post accounting attribution; proportional electoral coalitions pooled lists,0
2014,PTN,723182,0.0074282714846889671,4,3.8107032716454401,0.18929672835455974,1.049675011372067,0.39207808396022525,-0.20278135560566551,+,-,+,A+ B-,within-positive / between-offset,false,false,false,0.68177906281069967,false,true,0.10288864180992191,-0.053213630437855021,ex post accounting attribution; proportional electoral coalitions pooled lists,0
2014,PV,2004464,0.020589150135492292,8,10.562234019507546,-2.5622340195075455,0.75741552262756939,-1.4035201183314603,-1.1587139011760854,-,-,-,A- B-,both negative,true,false,false,0,false,false,-0.13288099049304136,-0.1097034868793893,ex post accounting attribution; proportional electoral coalitions pooled lists,0
2014,SOLIDARIEDADE,2689701,0.02762766390844822,15,14.172991585033937,0.82700841496606337,1.0583510129110179,0.69280579183344415,0.1342026231326193,+,+,+,A+ B+,reinforcement,false,false,false,0,false,false,0.048882114102503024,0.0094688988085148817,ex post accounting attribution; proportional electoral coalitions pooled lists,0
2018,AVANTE,1854015,0.018867656671265495,7,9.6791078723591983,-2.6791078723591983,0.72320714804615671,-3.1740300121109142,0.49492213975171601,-,+,-,A- B+,between-positive / within-offset,false,false,false,0.26978936724506319,false,true,-0.32792588469594897,0.051133032742105712,ex post accounting attribution; proportional electoral coalitions pooled lists,0
2018,DC,381734,0.0038847722654611005,1,1.9928881721815446,-0.99288817218154446,0.50178430177812494,-1.1584780236518382,0.16558985147029376,-,+,-,A- B+,between-positive / within-offset,false,false,false,0.25012290469628645,false,true,-0.58130608622343982,0.083090388001564777,ex post accounting attribution; proportional electoral coalitions pooled lists,0
2018,DEM,4581164,0.046620890071958056,29,23.916516606914481,5.0834833930855181,1.2125511618868374,4.5755292274124368,0.50795416567308127,+,+,+,A+ B+,reinforcement,false,false,false,0,false,false,0.19131252692917702,0.021238634957660475,ex post accounting attribution; proportional electoral coalitions pooled lists,0
2018,MDB,5439904,0.055359984140712908,34,28.399671864185724,5.6003281358142782,1.1971969310982338,4.3382821188294072,1.2620460169848708,+,+,+,A+ B+,reinforcement,true,false,false,0,false,false,0.15275817761473262,0.044438753483501077,ex post accounting attribution; proportional electoral coalitions pooled lists,0
2018,NOVO,2748079,0.027966230627861483,8,14.34667631209294,-6.3466763120929404,0.55762044294933522,-4.8822797315773077,-1.4643965805156332,-,-,-,A- B-,both negative,true,false,false,0,false,false,-0.34030737331558741,-0.10207218373507738,ex post accounting attribution; proportional electoral coalitions pooled lists,0
2018,PATRIOTA,1432304,0.014576052578258673,5,7.4775149726466985,-2.4775149726466985,0.66867134580009113,-2.7649225736133931,0.28740760096669427,-,+,-,A- B+,between-positive / within-offset,false,false,false,0.18832012562745332,false,true,-0.36976489966622383,0.038436245466315008,ex post accounting attribution; proportional electoral coalitions pooled lists,0
2018,PCB,61343,0.00062426607292035883,0,0.3202484954081441,-0.3202484954081441,0,-0.33891847787463641,0.018669982466492322,-,+,-,A- B+,between-positive / within-offset,false,false,false,0.10442161611525,false,true,-1.0582984236747097,0.058298423674709741,ex post accounting attribution; proportional electoral coalitions pooled lists,0
2018,PCO,2785,2.8341962621378142e-05,0,0.014539426824766988,-0.014539426824766988,0,-0.01550697276338996,0.00096754593862297133,-,+,-,A- B+,between-positive / within-offset,false,false,false,0.11745969106882038,false,true,-1.0665463604778984,0.066546360477898511,ex post accounting attribution; proportional electoral coalitions pooled lists,0
2018,PCdoB,1329575,0.0135306157818021,9,6.9412058960644769,2.0587941039355231,1.2966046728426277,1.3151741859377608,0.74361991799776239,+,+,+,A+ B+,reinforcement,false,false,false,0,false,false,0.18947344389876664,0.10713122894386115,ex post accounting attribution; proportional electoral coalitions pooled lists,0
2018,PDT,4561885,0.046424694489416746,28,23.815868273070791,4.18413172692921,1.1756867177360195,3.1025656409100697,1.0815660860191403,+,+,+,A+ B+,reinforcement,true,false,false,0,false,false,0.13027304339007534,0.045413674345944156,ex post accounting attribution; proportional electoral coalitions pooled lists,0
2018,PHS,1428537,0.014537717148027171,6,7.4578488969379384,-1.4578488969379384,0.80452152931973375,-2.1924681493454483,0.73461925240751003,-,+,-,A- B+,between-positive / within-offset,false,true,false,0.50194555308978139,false,true,-0.29398130474936779,0.098502834069101583,ex post accounting attribution; proportional electoral coalitions pooled lists,0
2018,PMB,228302,0.0023233489229392721,0,1.1918779974678466,-1.1918779974678466,0,-1.3458123453709514,0.15393434790310487,-,+,-,A- B+,between-positive / within-offset,false,false,false,0.20528046315215401,false,true,-1.1291527725405952,0.12915277254059518,ex post accounting attribution; proportional electoral coalitions pooled lists,0
2018,PMN,634455,0.0064566247378622871,3,3.3122484905233534,-0.31224849052335341,0.90572914700792373,-0.64891491033200199,0.33666641980864859,-,+,-,A- B+,between-positive / within-offset,false,true,false,0.68318343603485976,false,true,-0.19591371607190916,0.10164286307983295,ex post accounting attribution; proportional electoral coalitions pooled lists,0
2018,PODE,2243320,0.022829476333138247,11,11.711521358899921,-0.71152135889992074,0.93924603498594872,-0.3737747412013781,-0.33774661769854258,-,-,-,A- B-,both negative,false,false,false,0,false,false,-0.031915131241026684,-0.028838833773024652,ex post accounting attribution; proportional electoral coalitions pooled lists,0
2018,PP,5408578,0.055041190488620523,37,28.236130720662327,8.7638692793376709,1.3103778405773048,7.3187766293437537,1.4450926499939176,+,+,+,A+ B+,reinforcement,true,false,false,0,false,false,0.25919899230343552,0.051178848273869322,ex post accounting attribution; proportional electoral coalitions pooled lists,0
2018,PPL,389417,0.0039629594463659653,1,2.0329981959857402,-1.0329981959857402,0.49188435187721841,-1.1545691119737076,0.12157091598796756,-,+,-,A- B+,between-positive / within-offset,false,false,false,0.19052911643583137,false,true,-0.56791447934064276,0.059798831217861191,ex post accounting attribution; proportional electoral coalitions pooled lists,0
2018,PPS,1590361,0.016184542914361784,8,8.3026705150675948,-0.30267051506759479,0.96354540210667017,-0.015174568217124965,-0.28749594685046986,-,-,-,A- B-,both negative,false,false,false,0,false,false,-0.0018276731793205965,-0.03462692471400923,ex post accounting attribution; proportional electoral coalitions pooled lists,0
2018,PR,5224591,0.053168819689044404,33,27.27560450047978,5.724395499520222,1.2098723604611414,6.3683808514567275,-0.64398535193650575,+,-,+,A+ B-,within-positive / between-offset,false,false,false,0.18367134095902918,false,true,0.23348266585052985,-0.023610305389388457,ex post accounting attribution; proportional electoral coalitions pooled lists,0
2018,PRB,4984528,0.050725783217670649,29,26.022326790665044,2.9776732093349572,1.1144276310603836,4.3813728182029168,-1.4036996088679599,+,-,+,A+ B-,within-positive / between-offset,false,true,true,0.48528333104333743,false,true,0.16836975622697359,-0.053942125166589916,ex post accounting attribution; proportional electoral coalitions pooled lists,0
2018,PROS,2044705,0.020808241537430879,8,10.674627908702041,-2.6746279087020408,0.74944064265493848,-3.1289437736153758,0.45431586491333487,-,+,-,A- B+,between-positive / within-offset,false,false,false,0.25357686059270734,false,true,-0.29311970406618448,0.042560346721122987,ex post accounting attribution; proportional electoral coalitions pooled lists,0
2018,PRP,852994,0.0086806190535941938,4,4.4531575744938214,-0.45315757449382121,0.89823904343979333,-0.77621731244971326,0.3230597379558921,-,+,-,A- B+,between-positive / within-offset,false,true,false,0.58776763844326818,false,true,-0.17430717405905941,0.072546217498852691,ex post accounting attribution; proportional electoral coalitions pooled lists,0
2018,PRTB,684976,0.0069707591341260739,0,3.575999435806676,-3.575999435806676,0,-3.9017907437813868,0.3257913079747109,-,+,-,A- B+,between-positive / within-offset,false,false,false,0.15412654514387497,false,true,-1.0911049662683234,0.091104966268323456,ex post accounting attribution; proportional electoral coalitions pooled lists,0
2018,PSB,5421998,0.055177761094860701,32,28.30619144166354,3.6938085583364599,1.130494721126615,3.5798849571377858,0.11392360119867416,+,+,+,A+ B+,reinforcement,false,false,false,0,false,false,0.12647003269640142,0.0040246884302135889,ex post accounting attribution; proportional electoral coalitions pooled lists,0
2018,PSC,1719754,0.017501329833380808,7,8.9781822045243533,-1.9781822045243542,0.77966784818340029,-3.0731167546862652,1.0949345501619112,-,+,-,A- B+,between-positive / within-offset,false,true,true,0.52539398873920284,false,true,-0.34228718962037069,0.12195503780377095,ex post accounting attribution; proportional electoral coalitions pooled lists,0
2018,PSD,5749010,0.058505646868915316,35,30.013396843753558,4.9866031562464412,1.1661459108479506,4.2634970812796755,0.72310607496676538,+,+,+,A+ B+,reinforcement,false,false,false,0,false,false,0.14205313392132762,0.024092776926623004,ex post accounting attribution; proportional electoral coalitions pooled lists,0
2018,PSDB,5891806,0.059958831391171086,30,30.758880503670767,-0.75888050367076754,0.9753280844021549,0.42071662555200234,-1.1795971292227698,+,-,-,A+ B-,within-positive / between-offset,false,true,false,0.52579267571341204,true,false,0.013677891349192438,-0.038349806947037511,ex post accounting attribution; proportional electoral coalitions pooled lists,0
2018,PSL,11435001,0.11636997160410115,52,59.697795432903888,-7.6977954329038889,0.87105394132090408,-2.4212554961908648,-5.2765399367130241,-,-,-,A- B-,both negative,true,false,false,0,false,false,-0.040558541209652958,-0.088387517469442956,ex post accounting attribution; proportional electoral coalitions pooled lists,0
2018,PSOL,2783934,0.028331114315398111,10,14.533861643799231,-4.5338616437992316,0.68804838280997593,-3.4182859690642884,-1.115575674734943,-,-,-,A- B-,both negative,true,false,false,0,false,false,-0.23519461329967151,-0.076757003890352532,ex post accounting attribution; proportional electoral coalitions pooled lists,0
2018,PSTU,41304,0.00042033623846082687,0,0.21563249033040419,-0.21563249033040419,0,-0.218075062846426,0.00244257251602182,-,+,-,A- B+,between-positive / within-offset,false,false,false,0.022153080972477798,false,true,-1.0113274790467761,0.011327479046776178,ex post accounting attribution; proportional electoral coalitions pooled lists,0
2018,PT,10126611,0.10305494809451948,56,52.867188372488492,3.1328116275115074,1.0592581471410685,4.8831037528318886,-1.7502921253203811,+,-,+,A+ B-,within-positive / between-offset,false,true,true,0.52772129312683935,false,true,0.092365489884326857,-0.03310734274325839,ex post accounting attribution; proportional electoral coalitions pooled lists,0
2018,PTB,2022719,0.020584497770754533,10,10.559847356397077,-0.55984735639707606,0.94698338550718497,-1.0318891594981308,0.47204180310105459,-,+,-,A- B+,between-positive / within-offset,false,true,false,0.62774397873323007,false,true,-0.097718188972970327,0.044701574480155264,ex post accounting attribution; proportional electoral coalitions pooled lists,0
2018,PTC,601814,0.0061244487946219266,2,3.1418422316410486,-1.1418422316410486,0.63656920129797834,-1.5550549204945376,0.41321268885348922,-,+,-,A- B+,between-positive / within-offset,false,true,false,0.41987449967777773,false,true,-0.49495003435684953,0.13151923565482784,ex post accounting attribution; proportional electoral coalitions pooled lists,0
2018,PV,1592833,0.016209699586390524,4,8.3155758878183388,-4.3155758878183397,0.48102501305528139,-4.0091640299057199,-0.30641185791261988,-,-,-,A- B-,both negative,false,false,false,0,false,false,-0.48212704495654085,-0.036847941988177757,ex post accounting attribution; proportional electoral coalitions pooled lists,0
2018,REDE,816784,0.008312122656279973,1,4.2641189226716261,-3.2641189226716265,0.23451503537651419,-3.941560240068624,0.67744131739699764,-,+,-,A- B+,between-positive / within-offset,false,false,false,0.29332803159681103,false,true,-0.9243551391383551,0.15887017451486926,ex post accounting attribution; proportional electoral coalitions pooled lists,0
2018,SOLIDARIEDADE,1953070,0.019875704465685821,13,10.196236390896827,2.8037636091031737,1.2749802477712626,0.99291919173899912,1.8108444173641747,+,+,+,A+ B+,reinforcement,false,false,false,0,false,false,0.097380950546171616,0.17759929722509102,ex post accounting attribution; proportional electoral coalitions pooled lists,0
2022,AGIR,158868,0.0014519962196989425,0,0.74487406070555751,-0.74487406070555751,0,-0.74750086103161284,0.0026268003260553701,-,+,-,A- B+,between-positive / within-offset,false,false,false,0.0070036087492123186,false,true,-1.0035265026192042,0.0035265026192041376,ex post accounting attribution; federation members competed through pooled lists,0
2022,AVANTE,2192518,0.020038823725494662,7,10.279916571178761,-3.2799165711787617,0.68093937840171936,-3.2476585369469917,-0.032258034231769719,-,-,-,A- B-,both negative,false,false,false,0,false,false,-0.31592265505853168,-0.0031379665397489511,ex post accounting attribution; federation members competed through pooled lists,0
2022,CIDADANIA,1614106,0.014752346666373223,5,7.5679538398494639,-2.5679538398494635,0.66068056251509277,-1.7735819767675125,-0.79437186308195107,-,-,-,A- B-,both negative,false,false,false,0,false,false,-0.23435422761547808,-0.10496520986942914,ex post accounting attribution; federation members competed through pooled lists,0
2022,DC,97741,0.00089331748690481619,0,0.45827187078217069,-0.45827187078217069,0,-0.50060770718539682,0.042335836403226121,-,+,-,A- B+,between-positive / within-offset,false,false,false,0.15594931334261564,false,true,-1.0923814859746204,0.092381485974620328,ex post accounting attribution; federation members competed through pooled lists,0
2022,MDB,7950895,0.072668312581660399,42,37.278844354391779,4.7211556456082189,1.1266443669961037,5.1195611271956558,-0.39840548158743749,+,-,+,A+ B-,within-positive / between-offset,false,false,false,0.14440300561198938,false,true,0.13733154060588593,-0.010687173609782294,ex post accounting attribution; federation members competed through pooled lists,0
2022,NOVO,1354754,0.012381962929111093,3,6.3519469826339909,-3.3519469826339905,0.47229613348503996,-2.8067474522995584,-0.54519953033443214,-,-,-,A- B-,both negative,false,false,false,0,false,false,-0.44187198979668935,-0.085831876718270694,ex post accounting attribution; federation members competed through pooled lists,0
2022,PATRIOTA,1526570,0.013952299198742444,4,7.1575294889548742,-3.1575294889548737,0.5588520461106854,-3.0340148588879687,-0.12351463006690526,-,-,-,A- B-,both negative,false,false,false,0,false,false,-0.42389135295494096,-0.017256600934373596,ex post accounting attribution; federation members competed through pooled lists,0
2022,PCB,85511,0.00078153969800511284,0,0.40092986507662287,-0.40092986507662287,0,-0.38683969903193144,-0.014090166044691455,-,-,-,A- B-,both negative,false,false,false,0,false,false,-0.96485628217793495,-0.035143717822065067,ex post accounting attribution; federation members competed through pooled lists,0
2022,PCO,7308,6.6792484160182493e-05,0,0.034264544374173617,-0.034264544374173617,0,-0.027480176748051276,-0.006784367626122341,-,-,-,A- B-,both negative,false,false,false,0,false,false,-0.80200035488474331,-0.19799964511525667,ex post accounting attribution; federation members competed through pooled lists,0
2022,PCdoB,1154712,0.010553651199996256,6,5.4140230655980792,0.58597693440192045,1.1082331802620771,0.17628181135851972,0.40969512304340072,+,+,+,A+ B+,reinforcement,false,false,false,0,false,false,0.03256022540403531,0.075672954858041833,ex post accounting attribution; federation members competed through pooled lists,0
2022,PDT,3828367,0.034989893569631274,17,17.949815401220842,-0.94981540122084374,0.94708494878692495,-1.9742011739935168,1.0243857727726731,-,+,-,A- B+,between-positive / within-offset,false,true,true,0.68324566934930231,false,true,-0.10998448339804336,0.057069432184968336,ex post accounting attribution; federation members competed through pooled lists,0
2022,PL,18175921,0.16612136227274607,99,85.220258845918735,13.779741154081268,1.1616956031428576,19.069539963729706,-5.2897988096484374,+,-,+,A+ B-,within-positive / between-offset,false,true,true,0.43431382590972112,false,true,0.22376768413961418,-0.062072080996756679,ex post accounting attribution; federation members competed through pooled lists,0
2022,PMB,83055,0.00075909274383195908,0,0.38941457758579501,-0.38941457758579501,0,-0.42099789332656895,0.031583315740773978,-,+,-,A- B+,between-positive / within-offset,false,false,false,0.13956971746953134,false,true,-1.0811046056277018,0.081104605627701762,ex post accounting attribution; federation members competed through pooled lists,0
2022,PMN,256578,0.0023450303777847979,0,1.2030005838036013,-1.2030005838036013,0,-1.3330377018503445,0.13003711804674328,-,+,-,A- B+,between-positive / within-offset,false,false,false,0.17775867136567911,false,true,-1.1080939775071403,0.10809397750714043,ex post accounting attribution; federation members competed through pooled lists,0
2022,PODE,3612066,0.033012980444791153,12,16.935658968177858,-4.9356589681778598,0.70856410267519121,-5.6605811998642457,0.72492223168638581,-,+,-,A- B+,between-positive / within-offset,false,false,false,0.22705249146200784,false,true,-0.3342403865418222,0.042804489217013415,ex post accounting attribution; federation members competed through pooled lists,0
2022,PP,8692918,0.079450135169781777,47,40.757919342098056,6.2420806579019477,1.1531501302976137,3.0745004194219678,3.1675802384799794,+,+,+,A+ B+,reinforcement,true,false,false,0,false,false,0.075433203388436398,0.077716926909177336,ex post accounting attribution; federation members competed through pooled lists,0
2022,PROS,799661,0.0073086131193234385,3,3.7493185302129239,-0.74931853021292394,0.80014540664530576,-1.0255478428263081,0.27622931261338407,-,+,-,A- B+,between-positive / within-offset,false,true,false,0.42438801673406845,false,true,-0.27352913191082412,0.07367453855612982,ex post accounting attribution; federation members competed through pooled lists,0
2022,PRTB,238847,0.0021829754329785313,0,1.1198663971179865,-1.1198663971179865,0,-1.2433725603194772,0.12350616320149052,-,+,-,A- B+,between-positive / within-offset,false,false,false,0.1807126866139942,false,true,-1.1102865158909472,0.11028651589094711,ex post accounting attribution; federation members competed through pooled lists,0
2022,PSB,4174899,0.038157071062925797,14,19.574577455280934,-5.5745774552809326,0.71521339512863946,-5.5459166989201254,-0.028660756360807959,-,-,-,A- B-,both negative,false,false,false,0,false,false,-0.28332242223823423,-0.0014641826331263008,ex post accounting attribution; federation members competed through pooled lists,0
2022,PSC,1944678,0.01777365551609953,6,9.1178852797590579,-3.1178852797590588,0.65804732302560298,-3.7123805451988194,0.59449526543976072,-,+,-,A- B+,between-positive / within-offset,false,false,false,0.27606798597316184,false,true,-0.40715367997006863,0.06520100299567165,ex post accounting attribution; federation members competed through pooled lists,0
2022,PSD,8293956,0.075803766386870627,42,38.88733215646463,3.1126678435353705,1.0800432344140101,2.3518788556131018,0.76078898792226846,+,+,+,A+ B+,reinforcement,false,false,false,0,false,false,0.06047930586110227,0.019563928552907811,ex post accounting attribution; federation members competed through pooled lists,0
2022,PSDB,3309061,0.030243624032235582,13,15.514979128536853,-2.514979128536853,0.83789993478553715,-1.9794931239386324,-0.53548600459822071,-,-,-,A- B-,both negative,false,false,false,0,false,false,-0.12758593534281534,-0.03451412987164746,ex post accounting attribution; federation members competed through pooled lists,0
2022,PSOL,3852246,0.035208139016984996,12,18.061775315713302,-6.0617753157133025,0.66438651739623256,-3.4020788280282557,-2.6596964876850473,-,-,-,A- B-,both negative,true,false,false,0,false,false,-0.18835794203842909,-0.14725554056533835,ex post accounting attribution; federation members competed through pooled lists,0
2022,PSTU,27995,0.00025586420280026119,0,0.131258336036534,-0.131258336036534,0,-0.11826018295509944,-0.012998153081434552,-,-,-,A- B-,both negative,false,false,false,0,false,false,-0.90097274219736645,-0.099027257802633509,ex post accounting attribution; federation members competed through pooled lists,0
2022,PT,13236698,0.1209786455251942,69,62.062045154424624,6.9379548455753746,1.1117906254670169,9.0682534085061466,-2.130298562930772,+,-,+,A+ B-,within-positive / between-offset,false,true,true,0.380459646633658,false,true,0.14611592940487619,-0.034325303937859278,ex post accounting attribution; federation members competed through pooled lists,0
2022,PTB,1422652,0.013002526159749854,1,6.6702959199516751,-5.6702959199516751,0.14991838623064338,-5.9449899953265062,0.27469407537483109,-,+,-,A- B+,between-positive / within-offset,false,false,false,0.088330555781382741,false,true,-0.89126330625667005,0.04118169248731339,ex post accounting attribution; federation members competed through pooled lists,0
2022,PV,954578,0.0087244986240638586,6,4.4756677941447593,1.5243322058552404,1.3405820708698333,1.2137503185449809,0.31058188731025954,+,+,+,A+ B+,reinforcement,false,false,false,0,false,false,0.27118865259232505,0.069393418277508154,ex post accounting attribution; federation members competed through pooled lists,0
2022,REDE,782917,0.0071555789985273113,2,3.6708120262445108,-1.670812026244511,0.54483857677837444,-1.9541934416370335,0.28338141539252248,-,+,-,A- B+,between-positive / within-offset,false,false,false,0.25329334971945416,false,true,-0.53235998674557727,0.077198563523951644,ex post accounting attribution; federation members competed through pooled lists,0
2022,REPUBLICANOS,7610894,0.069560826072773391,40,35.68470377533275,4.3152962246672502,1.1209284586425576,1.3735534569599896,2.9417427677072605,+,+,+,A+ B+,reinforcement,true,false,false,0,false,false,0.038491378984332948,0.082437079658224791,ex post accounting attribution; federation members competed through pooled lists,0
2022,SOLIDARIEDADE,1702519,0.015560409597688797,4,7.9824901236143528,-3.9824901236143528,0.50109676780769496,-3.7398655457699155,-0.24262457784443753,-,-,-,A- B-,both negative,false,false,false,0,false,false,-0.46850863425516648,-0.030394597937138532,ex post accounting attribution; federation members competed through pooled lists,0
2022,UNIÃO,10215433,0.09336537313107629,59,47.896436416242132,11.103563583757866,1.2318244198224431,9.3566623177917077,1.7469012659661585,+,+,+,A+ B+,reinforcement,true,false,false,0,false,false,0.19535195137437775,0.036472468448065329,ex post accounting attribution; federation members competed through pooled lists,0
2022,UP,54586,0.00049889635199339372,0,0.25593382857261099,-0.25593382857261099,0,-0.2246336762679039,-0.031300152304707091,-,-,-,A- B-,both negative,false,false,false,0,false,false,-0.8777021682546865,-0.12229783174531353,ex post accounting attribution; federation members competed through pooled lists,0
