election_year,party,votes,vote_share,vote_share_percent,seats,seat_share,representation_ratio,quota,seat_diff
2014,PMDB,10791949,0.11085110943153675,11.085110943153676,65,0.1267056530214425,1.1430255743150477,56.866619138378354,8.133380861621646
2014,PSD,5967953,0.061300716959028265,6.130071695902826,36,0.07017543859649122,1.1447735373697927,31.4472677999815,4.5527322000185
2014,PTB,3914193,0.040205215626867324,4.020521562686732,25,0.04873294346978557,1.212105014485224,20.625275616582936,4.374724383417064
2014,PR,5635519,0.05788607167922167,5.788607167922167,34,0.06627680311890838,1.1449525109629883,29.695554771440715,4.304445228559285
2014,PP,6429791,0.06604455467338756,6.604455467338756,38,0.07407407407407407,1.1215773115648242,33.88085654744782,4.11914345255218
2014,PDT,3528346,0.03624193077249763,3.6241930772497626,20,0.03898635477582846,1.075725104729063,18.592110486291283,1.4078895137087173
2014,PSB,6267878,0.06438144120969454,6.438144120969453,34,0.06627680311890838,1.0294395694411458,33.0276793405733,0.9723206594266998
2014,SOLIDARIEDADE,2689701,0.02762766390844822,2.762766390844822,15,0.029239766081871343,1.0583510129110179,14.172991585033937,0.8270084149660626
2014,PROS,1977117,0.020308251357187813,2.030825135718781,11,0.021442495126705652,1.0558513753630683,10.418132946237348,0.581867053762652
2014,PMN,468473,0.004811990103800557,0.4811990103800557,3,0.005847953216374269,1.2152878726320526,2.4685509232496856,0.5314490767503144
2014,PTC,338117,0.0034730190596400073,0.34730190596400073,2,0.003898635477582846,1.1225494046056157,1.7816587775953237,0.21834122240467635
2014,PTN,723182,0.007428271484688967,0.7428271484688967,4,0.007797270955165692,1.049675011372067,3.81070327164544,0.1892967283545599
2014,PHS,943068,0.009686863241234786,0.9686863241234787,5,0.009746588693957114,1.0061656132883234,4.969360842753445,0.030639157246555193
2014,PCO,12969,0.00013321301260945547,0.013321301260945547,0,0.0,0.0,0.06833827546865066,-0.06833827546865066
2014,PCdoB,1913015,0.01964981812916011,1.9649818129160108,10,0.01949317738791423,0.9920283872239292,10.080356700259136,-0.0803567002591361
2014,PSC,2520421,0.025888879208430592,2.5888879208430593,13,0.025341130604288498,0.9788423206840209,13.280995033924894,-0.2809950339248939
2014,PPS,1955689,0.020088150467821215,2.0088150467821215,10,0.01949317738791423,0.9703818885237812,10.305221189992283,-0.30522118999228276
2014,PCB,66979,0.000687984761474957,0.0687984761474957,0,0.0,0.0,0.35293618263665294,-0.35293618263665294
2014,DEM,4085487,0.0419646874274629,4.19646874274629,21,0.04093567251461988,0.9754790282991694,21.527884650288467,-0.5278846502884669
2014,PSDC,509936,0.00523788347582815,0.523788347582815,2,0.003898635477582846,0.7443150454900949,2.687034223099841,-0.687034223099841
2014,PPL,141254,0.0014509114722134338,0.14509114722134336,0,0.0,0.0,0.7443175852454915,-0.7443175852454915
2014,PRP,724825,0.007445147803581506,0.7445147803581507,3,0.005847953216374269,0.7854717422213024,3.8193608232373126,-0.8193608232373126
2014,PSTU,188473,0.0019359284544330248,0.1935928454433025,0,0.0,0.0,0.9931312971241417,-0.9931312971241417
2014,PRTB,454190,0.00466528014473657,0.466528014473657,1,0.001949317738791423,0.4178350877793842,2.3932887142498602,-1.3932887142498602
2014,PEN,667983,0.006861286745462401,0.6861286745462402,2,0.003898635477582846,0.5682076295909283,3.5198401004222117,-1.5198401004222117
2014,PRB,4424824,0.04545023789857515,4.545023789857515,21,0.04093567251461988,0.9006701484372913,23.31597204196905,-2.315972041969051
2014,PT,13554166,0.13922363222057618,13.922363222057617,69,0.13450292397660818,0.9660926225765404,71.42172332915558,-2.421723329155583
2014,PV,2004464,0.02058915013549229,2.058915013549229,8,0.015594541910331383,0.7574155226275693,10.562234019507546,-2.562234019507546
2014,PSL,808710,0.008306785058785775,0.8306785058785775,1,0.001949317738791423,0.23466572506648678,4.261380735157103,-3.261380735157103
2014,PT DO B,812497,0.008345683792593471,0.8345683792593471,1,0.001949317738791423,0.2335719621346522,4.281335785600451,-3.281335785600451
2014,PSOL,1745470,0.01792885473971981,1.792885473971981,5,0.009746588693957114,0.5436258386523931,9.197502481476263,-4.197502481476263
2014,PSDB,11088715,0.11389938554380892,11.389938554380892,54,0.10526315789473684,0.9241766967588219,58.43038478397398,-4.430384783973977
2018,PP,5408578,0.05504119048862052,5.504119048862052,37,0.07212475633528265,1.3103778405773048,28.236130720662327,8.763869279337673
2018,PR,5224591,0.053168819689044404,5.316881968904441,33,0.06432748538011696,1.2098723604611412,27.27560450047978,5.72439549952022
2018,MDB,5439904,0.05535998414071291,5.53599841407129,34,0.06627680311890838,1.1971969310982336,28.39967186418572,5.60032813581428
2018,DEM,4581164,0.046620890071958056,4.662089007195806,29,0.056530214424951264,1.2125511618868374,23.91651660691448,5.083483393085519
2018,PSD,5749010,0.058505646868915316,5.8505646868915315,35,0.0682261208576998,1.1661459108479506,30.013396843753558,4.986603156246442
2018,PDT,4561885,0.046424694489416746,4.642469448941674,28,0.05458089668615984,1.1756867177360195,23.81586827307079,4.184131726929209
2018,PSB,5421998,0.0551777610948607,5.5177761094860704,32,0.06237816764132553,1.130494721126615,28.30619144166354,3.6938085583364604
2018,PT,10126611,0.10305494809451948,10.305494809451949,56,0.10916179337231968,1.0592581471410685,52.86718837248849,3.132811627511508
2018,PRB,4984528,0.05072578321767065,5.072578321767065,29,0.056530214424951264,1.1144276310603836,26.022326790665044,2.977673209334956
2018,SOLIDARIEDADE,1953070,0.01987570446568582,1.9875704465685822,13,0.025341130604288498,1.2749802477712626,10.196236390896827,2.8037636091031732
2018,PCdoB,1329575,0.0135306157818021,1.35306157818021,9,0.017543859649122806,1.2966046728426277,6.941205896064477,2.058794103935523
2018,PCO,2785,2.8341962621378142e-5,0.0028341962621378143,0,0.0,0.0,0.014539426824766987,-0.014539426824766987
2018,PSTU,41304,0.00042033623846082687,0.04203362384608269,0,0.0,0.0,0.2156324903304042,-0.2156324903304042
2018,PPS,1590361,0.016184542914361784,1.6184542914361784,8,0.015594541910331383,0.9635454021066701,8.302670515067595,-0.3026705150675948
2018,PMN,634455,0.006456624737862287,0.6456624737862288,3,0.005847953216374269,0.9057291470079237,3.3122484905233534,-0.31224849052335335
2018,PCB,61343,0.0006242660729203588,0.062426607292035884,0,0.0,0.0,0.3202484954081441,-0.3202484954081441
2018,PRP,852994,0.008680619053594194,0.8680619053594194,4,0.007797270955165692,0.8982390434397932,4.453157574493821,-0.45315757449382144
2018,PTB,2022719,0.020584497770754533,2.0584497770754533,10,0.01949317738791423,0.946983385507185,10.559847356397075,-0.559847356397075
2018,PODE,2243320,0.022829476333138247,2.2829476333138246,11,0.021442495126705652,0.9392460349859486,11.71152135889992,-0.7115213588999207
2018,PSDB,5891806,0.059958831391171086,5.995883139117108,30,0.05847953216374269,0.9753280844021549,30.758880503670767,-0.7588805036707669
2018,DC,381734,0.0038847722654611005,0.38847722654611005,1,0.001949317738791423,0.5017843017781249,1.9928881721815446,-0.9928881721815446
2018,PPL,389417,0.003962959446365965,0.3962959446365965,1,0.001949317738791423,0.49188435187721835,2.03299819598574,-1.0329981959857402
2018,PTC,601814,0.006124448794621927,0.6124448794621926,2,0.003898635477582846,0.6365692012979783,3.141842231641048,-1.1418422316410481
2018,PMB,228302,0.002323348922939272,0.2323348922939272,0,0.0,0.0,1.1918779974678466,-1.1918779974678466
2018,PHS,1428537,0.01453771714802717,1.4537717148027172,6,0.011695906432748537,0.8045215293197338,7.457848896937938,-1.4578488969379384
2018,PSC,1719754,0.01750132983338081,1.7501329833380808,7,0.01364522417153996,0.7796678481834002,8.978182204524355,-1.9781822045243551
2018,PATRIOTA,1432304,0.014576052578258673,1.4576052578258674,5,0.009746588693957114,0.6686713458000911,7.477514972646699,-2.4775149726466994
2018,PROS,2044705,0.02080824153743088,2.080824153743088,8,0.015594541910331383,0.7494406426549385,10.67462790870204,-2.674627908702041
2018,AVANTE,1854015,0.018867656671265495,1.8867656671265494,7,0.01364522417153996,0.7232071480461567,9.679107872359198,-2.6791078723591983
2018,REDE,816784,0.008312122656279973,0.8312122656279973,1,0.001949317738791423,0.2345150353765142,4.264118922671626,-3.264118922671626
2018,PRTB,684976,0.006970759134126074,0.6970759134126074,0,0.0,0.0,3.575999435806676,-3.575999435806676
2018,PV,1592833,0.016209699586390524,1.6209699586390525,4,0.007797270955165692,0.4810250130552814,8.315575887818339,-4.315575887818339
2018,PSOL,2783934,0.02833111431539811,2.833111431539811,10,0.01949317738791423,0.6880483828099759,14.53386164379923,-4.533861643799231
2018,NOVO,2748079,0.027966230627861483,2.796623062786148,8,0.015594541910331383,0.5576204429493351,14.34667631209294,-6.34667631209294
2018,PSL,11435001,0.11636997160410115,11.636997160410115,52,0.10136452241715399,0.8710539413209041,59.69779543290389,-7.697795432903888
2022,PL,18175921,0.16612136227274607,16.612136227274608,99,0.19298245614035087,1.1616956031428574,85.22025884591874,13.779741154081265
2022,UNIÃO,10215433,0.09336537313107629,9.336537313107629,59,0.11500974658869395,1.2318244198224428,47.89643641624214,11.103563583757861
2022,PT,13236698,0.1209786455251942,12.09786455251942,69,0.13450292397660818,1.111790625467017,62.062045154424624,6.937954845575376
2022,PP,8692918,0.07945013516978178,7.945013516978178,47,0.09161793372319688,1.1531501302976137,40.75791934209805,6.242080657901951
2022,MDB,7950895,0.0726683125816604,7.2668312581660395,42,0.08187134502923976,1.1266443669961035,37.27884435439179,4.7211556456082135
2022,REPUBLICANOS,7610894,0.06956082607277339,6.956082607277339,40,0.07797270955165692,1.1209284586425576,35.68470377533275,4.31529622466725
2022,PSD,8293956,0.07580376638687063,7.580376638687063,42,0.08187134502923976,1.0800432344140098,38.88733215646463,3.1126678435353696
2022,PV,954578,0.008724498624063859,0.8724498624063859,6,0.011695906432748537,1.340582070869833,4.475667794144759,1.5243322058552407
2022,PCdoB,1154712,0.010553651199996256,1.0553651199996257,6,0.011695906432748537,1.108233180262077,5.414023065598079,0.5859769344019208
2022,PCO,7308,6.679248416018249e-5,0.006679248416018249,0,0.0,0.0,0.03426454437417362,-0.03426454437417362
2022,PSTU,27995,0.0002558642028002612,0.02558642028002612,0,0.0,0.0,0.131258336036534,-0.131258336036534
2022,UP,54586,0.0004988963519933937,0.04988963519933937,0,0.0,0.0,0.255933828572611,-0.255933828572611
2022,PMB,83055,0.0007590927438319591,0.0759092743831959,0,0.0,0.0,0.389414577585795,-0.389414577585795
2022,PCB,85511,0.0007815396980051128,0.07815396980051129,0,0.0,0.0,0.40092986507662287,-0.40092986507662287
2022,DC,97741,0.0008933174869048162,0.08933174869048162,0,0.0,0.0,0.4582718707821707,-0.4582718707821707
2022,AGIR,158868,0.0014519962196989425,0.14519962196989425,0,0.0,0.0,0.7448740607055575,-0.7448740607055575
2022,PROS,799661,0.0073086131193234385,0.7308613119323438,3,0.005847953216374269,0.8001454066453056,3.749318530212924,-0.7493185302129239
2022,PDT,3828367,0.034989893569631274,3.4989893569631274,17,0.03313840155945419,0.947084948786925,17.949815401220842,-0.9498154012208424
2022,PRTB,238847,0.0021829754329785313,0.2182975432978531,0,0.0,0.0,1.1198663971179865,-1.1198663971179865
2022,PMN,256578,0.002345030377784798,0.2345030377784798,0,0.0,0.0,1.2030005838036013,-1.2030005838036013
2022,REDE,782917,0.007155578998527311,0.7155578998527311,2,0.003898635477582846,0.5448385767783744,3.6708120262445108,-1.6708120262445108
2022,PSDB,3309061,0.030243624032235582,3.024362403223558,13,0.025341130604288498,0.8378999347855371,15.514979128536854,-2.5149791285368543
2022,CIDADANIA,1614106,0.014752346666373223,1.4752346666373224,5,0.009746588693957114,0.6606805625150928,7.567953839849464,-2.567953839849464
2022,PSC,1944678,0.01777365551609953,1.7773655516099531,6,0.011695906432748537,0.658047323025603,9.11788527975906,-3.1178852797590597
2022,PATRIOTA,1526570,0.013952299198742444,1.3952299198742444,4,0.007797270955165692,0.5588520461106854,7.157529488954874,-3.157529488954874
2022,AVANTE,2192518,0.02003882372549466,2.0038823725494663,7,0.01364522417153996,0.6809393784017194,10.279916571178761,-3.2799165711787612
2022,NOVO,1354754,0.012381962929111093,1.2381962929111094,3,0.005847953216374269,0.4722961334850399,6.351946982633991,-3.351946982633991
2022,SOLIDARIEDADE,1702519,0.015560409597688797,1.5560409597688796,4,0.007797270955165692,0.501096767807695,7.982490123614353,-3.982490123614353
2022,PODE,3612066,0.03301298044479115,3.301298044479115,12,0.023391812865497075,0.7085641026751911,16.93565896817786,-4.9356589681778615
2022,PSB,4174899,0.0381570710629258,3.81570710629258,14,0.02729044834307992,0.7152133951286394,19.574577455280934,-5.574577455280934
2022,PTB,1422652,0.013002526159749854,1.3002526159749854,1,0.001949317738791423,0.14991838623064338,6.670295919951675,-5.670295919951675
2022,PSOL,3852246,0.035208139016984996,3.5208139016984994,12,0.023391812865497075,0.6643865173962326,18.0617753157133,-6.061775315713302
