previous_period_id,previous_dependency,previous_person_name,office_id,start_inclusive,end_exclusive,disposition,current_service_ids,current_affiliation_ids,resolved_succession,remaining_dependencies,days_still_blocked,primary_unfilled_days,evidence_ids,decision_ids
bolsonaro-2019-06-20,office:gap-338339209be8,,bolsonaro-secretaria-geral,2019-06-20,2019-06-21,resolved_by_service_and_affiliation_adjudication,service-jair_bolsonaro-0-34,affiliation-abad9262886b,Floriano Peixoto Vieira Neto 2019-06-20/2019-06-21 titular,,0,0,ATLAS-665;C043;LEG-6f1e3b239fc3,C043;PERSON-CONTINUITY-REVIEW;POPULATION-REVIEW
bolsonaro-2020-02-14,office:gap-0f706e8bf05b,,bolsonaro-cidadania,2020-02-14,2020-02-18,resolved_by_service_and_affiliation_adjudication,service-C054-welington-coimbra,affiliation-C054-welington-coimbra-2020-02-14,Welington Coimbra (Lelo Coimbra) 2020-02-14/2020-02-18 vacancy_acting,,0,0,C054,C054
bolsonaro-2020-02-14,office:gap-191906ee0aa7,,bolsonaro-casa-civil,2020-02-14,2020-02-18,historical_dependency_retained_primary_filled_by_assumption,service-C057-marcos-paulo-cardoso-coelho-da-silva,affiliation-C057-marcos-paulo-cardoso-coelho-da-silva-2020-02-14,Marcos Paulo Cardoso Coelho da Silva 2020-02-14/2020-02-18 vacancy_acting,person-marcos-paulo-cardoso-coelho-da-silva,4,0,C057;V5W3E003,C057;V5W3D003
bolsonaro-2020-04-16,office:gap-5d91b70c9644,,bolsonaro-saude,2020-04-16,2020-04-17,resolved_by_service_and_affiliation_adjudication,service-C062-joao-gabbardo-dos-reis,affiliation-C062-joao-gabbardo-dos-reis-2020-04-16,João Gabbardo dos Reis 2020-04-16/2020-04-17 vacancy_acting,,0,0,C062;C066,C062;C066
bolsonaro-2020-04-24,office:gap-d961ba1443b8,,bolsonaro-agu,2020-04-24,2020-05-07,historical_dependency_retained_primary_filled_by_assumption,service-C056-renato-de-lima-franca;service-jair_bolsonaro-0-29;service-jair_bolsonaro-0-30,affiliation-5dbeed312323;affiliation-C020-levi-agu;affiliation-C056-renato-de-lima-franca-2020-04-28;affiliation-e145e8652a0f,Renato de Lima França 2020-04-28/2020-04-29 vacancy_acting | André Mendonça 2020-04-24/2020-04-28 titular | José Levi Mello 2020-04-29/2020-05-07 titular,person-renato-de-lima-franca,1,0,ATLAS-620;C020;C049;C056;LEG-066b940f16e0;LEG-92e9b59b9825;V5W3E002,C020;C049;C056;PERSON-CONTINUITY-REVIEW;POPULATION-REVIEW;V5W3D002
bolsonaro-2020-04-24,office:gap-dbf1e0074c70,,bolsonaro-justica,2020-04-24,2020-05-07,historical_dependency_retained_primary_filled_by_assumption,service-C060-luiz-pontel-de-souza;service-jair_bolsonaro-0-13,affiliation-5dbeed312323;affiliation-C060-luiz-pontel-de-souza-2020-04-24;affiliation-e145e8652a0f,Luiz Pontel de Souza 2020-04-24/2020-04-29 vacancy_acting | André Mendonça 2020-04-29/2020-05-07 titular,person-luiz-pontel-de-souza,5,0,ATLAS-620;C049;C060;LEG-8534d7a64a42;LEG-92e9b59b9825;V5W3E001,C049;C060;PERSON-CONTINUITY-REVIEW;POPULATION-REVIEW;V5W3D001
bolsonaro-2020-04-24,person-86d3dadcfd0f,José Levi Mello,bolsonaro-agu,2020-04-24,2020-05-07,resolved_by_service_and_affiliation_adjudication,service-jair_bolsonaro-0-30,affiliation-C020-levi-agu,José Levi Mello 2020-04-29/2020-05-07 titular,,0,0,C020;C049;LEG-066b940f16e0,C020;C049;PERSON-CONTINUITY-REVIEW;POPULATION-REVIEW
bolsonaro-2020-05-07,office:gap-3eff7d6cf966,,bolsonaro-saude,2020-05-07,2020-06-17,resolved_by_service_and_affiliation_adjudication,service-jair_bolsonaro-0-26;service-jair_bolsonaro-0-27,affiliation-93eef935bb56;affiliation-af7014b3ba2c,Nelson Teich 2020-05-07/2020-05-15 titular | Eduardo Pazuello 2020-05-15/2020-06-17 vacancy_acting_then_titular,,0,0,C042;LEG-23516089df3e;LEG-80228da93ab9,C042;PERSON-CONTINUITY-REVIEW;POPULATION-REVIEW
bolsonaro-2020-05-07,office:gap-d7f698a7616a,,bolsonaro-comunicacoes,2020-05-07,2020-06-17,resolved_by_explicit_office_vacancy_adjudication,,, VACANT_PENDING_FIRST_MINISTER: C050: legally created ministerial office awaiting first actual ministerial possession; administrative support does not appoint a minister.,,0,0,C050,
bolsonaro-2020-05-07,person-86d3dadcfd0f,José Levi Mello,bolsonaro-agu,2020-05-07,2020-06-17,resolved_by_service_and_affiliation_adjudication,service-jair_bolsonaro-0-30,affiliation-C020-levi-agu,José Levi Mello 2020-05-07/2020-06-17 titular,,0,0,C020;C049;LEG-066b940f16e0,C020;C049;PERSON-CONTINUITY-REVIEW;POPULATION-REVIEW
bolsonaro-2020-06-17,person-86d3dadcfd0f,José Levi Mello,bolsonaro-agu,2020-06-17,2020-06-18,resolved_by_service_and_affiliation_adjudication,service-jair_bolsonaro-0-30,affiliation-C020-levi-agu,José Levi Mello 2020-06-17/2020-06-18 titular,,0,0,C020;C049;LEG-066b940f16e0,C020;C049;PERSON-CONTINUITY-REVIEW;POPULATION-REVIEW
bolsonaro-2020-06-18,person-82c36630e42f,Antonio Paulo Vogel,bolsonaro-educacao,2020-06-18,2020-09-19,resolved_by_service_and_affiliation_adjudication,service-f6cebee00b4b,affiliation-a58a4f54722e,Antonio Paulo Vogel 2020-06-20/2020-07-16 vacancy_acting,,0,0,C025;OFF-029;OFF-030,C025;OFFICE-ADJUDICATION;PERSON-CONTINUITY-REVIEW
bolsonaro-2020-06-18,person-86d3dadcfd0f,José Levi Mello,bolsonaro-agu,2020-06-18,2020-09-19,resolved_by_service_and_affiliation_adjudication,service-jair_bolsonaro-0-30,affiliation-C020-levi-agu,José Levi Mello 2020-06-18/2020-09-19 titular,,0,0,C020;C049;LEG-066b940f16e0,C020;C049;PERSON-CONTINUITY-REVIEW;POPULATION-REVIEW
bolsonaro-2020-09-19,person-86d3dadcfd0f,José Levi Mello,bolsonaro-agu,2020-09-19,2020-12-09,resolved_by_service_and_affiliation_adjudication,service-jair_bolsonaro-0-30,affiliation-C020-levi-agu,José Levi Mello 2020-09-19/2020-12-09 titular,,0,0,C020;C049;LEG-066b940f16e0,C020;C049;PERSON-CONTINUITY-REVIEW;POPULATION-REVIEW
bolsonaro-2020-12-09,person-03c9d5b23d79,Pedro Cesar Nunes Ferreira Marques de Sousa,bolsonaro-secretaria-geral,2020-12-09,2021-02-12,resolved_by_service_and_affiliation_adjudication,service-jair_bolsonaro-0-36,affiliation-e330badabc4e,Pedro Cesar Nunes Ferreira Marques de Sousa 2020-12-31/2021-02-12 vacancy_acting,,0,0,C026;C028;LEG-79030362edda,C026;C028;OFFICE-CAPACITY-2020;PERSON-CONTINUITY-REVIEW
bolsonaro-2020-12-09,person-86d3dadcfd0f,José Levi Mello,bolsonaro-agu,2020-12-09,2021-02-12,resolved_by_service_and_affiliation_adjudication,service-jair_bolsonaro-0-30,affiliation-C020-levi-agu,José Levi Mello 2020-12-09/2021-02-12 titular,,0,0,C020;C049;LEG-066b940f16e0,C020;C049;PERSON-CONTINUITY-REVIEW;POPULATION-REVIEW
bolsonaro-2021-02-12,office:gap-341700ad454b,,bolsonaro-justica,2021-02-12,2021-03-31,resolved_by_service_and_affiliation_adjudication,service-jair_bolsonaro-0-13;service-jair_bolsonaro-0-14,affiliation-3a6107bc4318;affiliation-e145e8652a0f,André Mendonça 2021-02-12/2021-03-30 titular | Anderson Torres 2021-03-30/2021-03-31 titular,,0,0,AFF-017;AFF-018;AFF-019;ATLAS-620;C049;LEG-2ffad066f860;LEG-8534d7a64a42;OFF-051,C049;PERSON-CONTINUITY-REVIEW;POPULATION-REVIEW;R19
bolsonaro-2021-02-12,office:gap-6d577977c840,,bolsonaro-agu,2021-02-12,2021-03-31,resolved_by_service_and_affiliation_adjudication,service-jair_bolsonaro-0-30;service-jair_bolsonaro-0-31,affiliation-C020-levi-agu;affiliation-e145e8652a0f,José Levi Mello 2021-02-12/2021-03-30 titular | André Mendonça 2021-03-30/2021-03-31 titular,,0,0,ATLAS-620;C020;C049;LEG-066b940f16e0;LEG-ee50e9c3bdf3,C020;C049;PERSON-CONTINUITY-REVIEW;POPULATION-REVIEW
bolsonaro-2021-02-12,office:gap-75d2cc0f0c95,,bolsonaro-relacoes-exteriores,2021-02-12,2021-03-31,historical_dependency_retained_primary_filled_by_assumption,service-C063-otavio-brandelli;service-jair_bolsonaro-0-21,affiliation-C063-otavio-brandelli-2021-03-30;affiliation-c97f93e89378,Otávio Brandelli 2021-03-30/2021-03-31 vacancy_acting | Ernesto Araújo 2021-02-12/2021-03-30 titular,person-otavio-brandelli,1,0,C049;C063;C072;LEG-4e7ce6988315;V5W4E002,C049;C063;C072;PERSON-CONTINUITY-REVIEW;POPULATION-REVIEW;V5W4D002
bolsonaro-2021-02-12,office:gap-abb1a128205d,,bolsonaro-secretaria-governo,2021-02-12,2021-03-31,historical_dependency_retained_primary_filled_by_assumption,service-C059-person-jonathas-assuncao-salvador-nery-de-castro;service-jair_bolsonaro-0-46,affiliation-C059-jonathas-2021;affiliation-af83eeeb3849,Jonathas Assunção Salvador Nery de Castro 2021-03-30/2021-03-31 vacancy_acting | Luiz Eduardo Ramos 2021-02-12/2021-03-30 titular,person-jonathas-assuncao-salvador-nery-de-castro,1,0,C036;C049;C059;LEG-ce9aa704d046;V5W4E003,BOL-A02;C036;C049;C059;PERSON-CONTINUITY-REVIEW;POPULATION-REVIEW;V5W4D003
bolsonaro-2021-02-12,office:gap-dc0d1a34d9b3,,bolsonaro-casa-civil,2021-02-12,2021-03-31,historical_dependency_retained_primary_filled_by_assumption,service-C058-sergio-jose-pereira;service-jair_bolsonaro-0-2,affiliation-3c864edbf9c2;affiliation-C058-sergio-jose-pereira-2021-03-30;affiliation-fc3b7dc6d606,Sérgio José Pereira 2021-03-30/2021-03-31 vacancy_acting | Walter Braga Netto 2021-02-12/2021-03-30 titular,person-sergio-jose-pereira,1,0,C049;C058;LEG-62197e617b7c;LEG-dacd12d72fdc;V5W4E001,C049;C058;PERSON-CONTINUITY-REVIEW;POPULATION-REVIEW;V5W4D001
bolsonaro-2021-02-12,person-86d3dadcfd0f,José Levi Mello,bolsonaro-agu,2021-02-12,2021-03-31,resolved_by_service_and_affiliation_adjudication,service-jair_bolsonaro-0-30,affiliation-C020-levi-agu,José Levi Mello 2021-02-12/2021-03-30 titular,,0,0,C020;C049;LEG-066b940f16e0,C020;C049;PERSON-CONTINUITY-REVIEW;POPULATION-REVIEW
bolsonaro-2021-03-31,office:gap-75d2cc0f0c95,,bolsonaro-relacoes-exteriores,2021-03-31,2021-04-06,resolved_by_service_and_affiliation_adjudication,service-jair_bolsonaro-0-22,affiliation-ba139ab01c35,Carlos França 2021-03-31/2021-04-06 titular,,0,0,ATLAS-626;C072;LEG-9dd6c6a98b8f,C072;PERSON-CONTINUITY-REVIEW;POPULATION-REVIEW
bolsonaro-2021-03-31,office:gap-dc0d1a34d9b3,,bolsonaro-casa-civil,2021-03-31,2021-04-06,historical_dependency_retained_primary_filled_by_assumption,service-C058-sergio-jose-pereira;service-jair_bolsonaro-0-3,affiliation-C058-sergio-jose-pereira-2021-03-30;affiliation-af83eeeb3849,Sérgio José Pereira 2021-03-31/2021-04-01 vacancy_acting | Luiz Eduardo Ramos 2021-04-01/2021-04-06 titular,person-sergio-jose-pereira,1,0,C058;LEG-ce9aa704d046;LEG-ebe4d4a81d54;V5W4E001,BOL-A02;C058;PERSON-CONTINUITY-REVIEW;POPULATION-REVIEW;V5W4D001
bolsonaro-2021-07-28,office:gap-36602b281a81,,bolsonaro-casa-civil,2021-07-28,2021-08-04,resolved_by_service_and_affiliation_adjudication,service-jair_bolsonaro-0-4,affiliation-a111766803f9,Ciro Nogueira 2021-07-28/2021-08-04 titular,,0,0,C010;C036;LEG-d1a5739ab53a,C010;C036;PERSON-CONTINUITY-REVIEW;POPULATION-REVIEW
bolsonaro-2021-08-06,person-5197b843a7c6,Bruno Bianco Leal,bolsonaro-agu,2021-08-06,2022-02-08,resolved_by_service_and_affiliation_adjudication,service-jair_bolsonaro-0-32,affiliation-3abb361cc0b0,Bruno Bianco Leal 2021-08-06/2022-02-08 titular,,0,0,C014;LEG-0619874c39e2,C014;PERSON-CONTINUITY-REVIEW;POPULATION-REVIEW
bolsonaro-2022-02-08,person-5197b843a7c6,Bruno Bianco Leal,bolsonaro-agu,2022-02-08,2022-03-24,resolved_by_service_and_affiliation_adjudication,service-jair_bolsonaro-0-32,affiliation-3abb361cc0b0,Bruno Bianco Leal 2022-02-08/2022-03-24 titular,,0,0,C014;LEG-0619874c39e2,C014;PERSON-CONTINUITY-REVIEW;POPULATION-REVIEW
bolsonaro-2022-03-24,person-5197b843a7c6,Bruno Bianco Leal,bolsonaro-agu,2022-03-24,2022-03-27,resolved_by_service_and_affiliation_adjudication,service-jair_bolsonaro-0-32,affiliation-3abb361cc0b0,Bruno Bianco Leal 2022-03-24/2022-03-27 titular,,0,0,C014;LEG-0619874c39e2,C014;PERSON-CONTINUITY-REVIEW;POPULATION-REVIEW
bolsonaro-2022-03-27,person-5197b843a7c6,Bruno Bianco Leal,bolsonaro-agu,2022-03-27,2022-03-28,resolved_by_service_and_affiliation_adjudication,service-jair_bolsonaro-0-32,affiliation-3abb361cc0b0,Bruno Bianco Leal 2022-03-27/2022-03-28 titular,,0,0,C014;LEG-0619874c39e2,C014;PERSON-CONTINUITY-REVIEW;POPULATION-REVIEW
bolsonaro-2022-03-28,office:gap-9fa4901067f0,,bolsonaro-educacao,2022-03-28,2022-03-30,resolved_by_service_and_affiliation_adjudication,service-jair_bolsonaro-0-44,affiliation-9be8f2d57a25,Victor Godoy Veiga 2022-03-28/2022-03-30 vacancy_acting_then_titular,,0,0,ATLAS-635;C022;C048;LEG-ae1c28478e53,C022;C048;PERSON-CONTINUITY-REVIEW;POPULATION-REVIEW
bolsonaro-2022-03-28,person-5197b843a7c6,Bruno Bianco Leal,bolsonaro-agu,2022-03-28,2022-03-30,resolved_by_service_and_affiliation_adjudication,service-jair_bolsonaro-0-32,affiliation-3abb361cc0b0,Bruno Bianco Leal 2022-03-28/2022-03-30 titular,,0,0,C014;LEG-0619874c39e2,C014;PERSON-CONTINUITY-REVIEW;POPULATION-REVIEW
bolsonaro-2022-03-28,person-ad64ef4485f1,Victor Godoy Veiga,bolsonaro-educacao,2022-03-28,2022-03-30,resolved_by_service_and_affiliation_adjudication,service-jair_bolsonaro-0-44,affiliation-9be8f2d57a25,Victor Godoy Veiga 2022-03-28/2022-03-30 vacancy_acting_then_titular,,0,0,ATLAS-635;C022;C048;LEG-ae1c28478e53,C022;C048;PERSON-CONTINUITY-REVIEW;POPULATION-REVIEW
bolsonaro-2022-03-30,person-5197b843a7c6,Bruno Bianco Leal,bolsonaro-agu,2022-03-30,2022-03-31,resolved_by_service_and_affiliation_adjudication,service-jair_bolsonaro-0-32,affiliation-3abb361cc0b0,Bruno Bianco Leal 2022-03-30/2022-03-31 titular,,0,0,C014;LEG-0619874c39e2,C014;PERSON-CONTINUITY-REVIEW;POPULATION-REVIEW
bolsonaro-2022-03-31,person-5197b843a7c6,Bruno Bianco Leal,bolsonaro-agu,2022-03-31,2022-05-11,resolved_by_service_and_affiliation_adjudication,service-jair_bolsonaro-0-32,affiliation-3abb361cc0b0,Bruno Bianco Leal 2022-03-31/2022-05-11 titular,,0,0,C014;LEG-0619874c39e2,C014;PERSON-CONTINUITY-REVIEW;POPULATION-REVIEW
bolsonaro-2022-05-11,person-5197b843a7c6,Bruno Bianco Leal,bolsonaro-agu,2022-05-11,2023-01-01,resolved_by_service_and_affiliation_adjudication,service-jair_bolsonaro-0-32,affiliation-3abb361cc0b0,Bruno Bianco Leal 2022-05-11/2023-01-01 titular,,0,0,C014;LEG-0619874c39e2,C014;PERSON-CONTINUITY-REVIEW;POPULATION-REVIEW
bolsonaro-2022-05-11,person-561613fe4a6e,Maria Estella Dantas Antonichelli,bolsonaro-comunicacoes,2022-05-11,2023-01-01,historical_dependency_retained_primary_filled_by_assumption,service-jair_bolsonaro-0-11,affiliation-49705e8c67b1,Maria Estella Dantas Antonichelli 2022-12-21/2023-01-01 vacancy_acting,person-561613fe4a6e,11,0,C028;LEG-3f060ebf15da;V5W5E002;V5W5E003,C028;PERSON-CONTINUITY-REVIEW;POPULATION-REVIEW;V5W5D002;V5W5D003
dilma_2-2015-03-25,office:gap-5eb3b5d9a180,,dilma_2-comunicacao-social,2015-03-25,2015-03-31,resolved_by_service_and_affiliation_adjudication,service-C029-messias-secom,affiliation-C029-messias-none,Roberto Bocorny Messias 2015-03-25/2015-03-31 vacancy_acting,,0,0,C029,C029
dilma_2-2015-04-07,office:gap-0df65eff6fe6,,dilma_2-relacoes-institucionais,2015-04-07,2015-10-05,resolved_by_explicit_office_vacancy_adjudication,,, VACANT_FUNCTIONS_REASSIGNED: C023: no separately appointed SRI minister; functions assigned to vice presidency. Office legally abolished October 5.,,0,0,C023,
dilma_2-2015-04-07,office:gap-1300879b03fd,,dilma_2-pesca-e-aquicultura,2015-04-07,2015-10-05,resolved_by_service_and_affiliation_adjudication,service-dilma_rousseff-1-58,affiliation-d5b00c2a9cef,Helder Barbalho 2015-04-07/2015-10-05 titular,,0,0,C024;C032;LEG-1591c82663db;LEG-ed798dddc06b,C024;C032;PERSON-CONTINUITY-REVIEW;POPULATION-REVIEW
dilma_2-2015-04-07,office:gap-1532020138d2,,dilma_2-educacao,2015-04-07,2015-10-05,resolved_by_service_and_affiliation_adjudication,service-dilma_rousseff-1-41,affiliation-a81911cad39b,Renato Janine Ribeiro 2015-04-07/2015-10-05 titular,,0,0,C024;LEG-5819c21b71da,C024;PERSON-CONTINUITY-REVIEW;POPULATION-REVIEW
dilma_2-2015-04-07,office:gap-24fbcafbaa44,,dilma_2-politicas-para-as-mulheres,2015-04-07,2015-10-05,resolved_by_service_and_affiliation_adjudication,service-dilma_rousseff-1-61,affiliation-270df0f8e42e,Eleonora Menicucci 2015-04-07/2015-10-05 titular,,0,0,C024;LEG-92ed8875155b,C024;PERSON-CONTINUITY-REVIEW;POPULATION-REVIEW
dilma_2-2015-04-07,office:gap-27f43e69f97a,,dilma_2-assuntos-estrategicos,2015-04-07,2015-10-05,resolved_by_service_and_affiliation_adjudication,service-dilma_rousseff-1-5;service-dilma_rousseff-1-6,affiliation-56398b55c5be;affiliation-f0ad6d190b88,Roberto Mangabeira Unger 2015-04-07/2015-09-14 titular | Vitor Pinto Chaves 2015-09-14/2015-10-05 titular,,0,0,C018;C024;LEG-7076a873efe6;LEG-f2d52d14d0bb,C018;C024;PERSON-CONTINUITY-REVIEW;POPULATION-REVIEW
dilma_2-2015-04-07,office:gap-9125ef36bc18,,dilma_2-previdencia-social,2015-04-07,2015-10-05,resolved_by_service_and_affiliation_adjudication,service-dilma_rousseff-1-65,affiliation-3fe827923a90,Carlos Eduardo Gabas 2015-04-07/2015-10-05 titular,,0,0,C024;LEG-b3f068a0416e,C024;PERSON-CONTINUITY-REVIEW;POPULATION-REVIEW
dilma_2-2015-04-07,office:gap-987223707daa,,dilma_2-politicas-de-promocao-da-igualdade-racial,2015-04-07,2015-10-05,resolved_by_service_and_affiliation_adjudication,service-dilma_rousseff-1-48,affiliation-868ac39afc7e,Nilma Lino Gomes 2015-04-07/2015-10-05 titular,,0,0,C024;C032;LEG-761e73bcf196;LEG-bcc69be0973d,C024;C032;PERSON-CONTINUITY-REVIEW;POPULATION-REVIEW
dilma_2-2015-04-07,office:gap-bd3033c578fc,,dilma_2-micro-e-pequena-empresa,2015-04-07,2015-10-05,resolved_by_service_and_affiliation_adjudication,service-dilma_rousseff-1-55,affiliation-35e1570fff93,Guilherme Afif Domingos 2015-04-07/2015-10-05 titular,,0,0,C024;LEG-ea956fb419a3,C024;PERSON-CONTINUITY-REVIEW;POPULATION-REVIEW
dilma_2-2015-04-07,office:gap-e17b4ce86792,,dilma_2-gsi,2015-04-07,2015-10-05,resolved_by_service_and_affiliation_adjudication,service-dilma_rousseff-1-47,affiliation-c3648fda53b0,José Elito Carvalho Siqueira 2015-04-07/2015-10-05 titular,,0,0,C024;LEG-3274ba9a4075,C024;PERSON-CONTINUITY-REVIEW;POPULATION-REVIEW
dilma_2-2015-04-07,person-df16b033f6c7,Vitor Pinto Chaves,dilma_2-assuntos-estrategicos,2015-04-07,2015-10-05,resolved_by_service_and_affiliation_adjudication,service-dilma_rousseff-1-6,affiliation-f0ad6d190b88,Vitor Pinto Chaves 2015-09-14/2015-10-05 titular,,0,0,C018;C024;LEG-f2d52d14d0bb,C018;C024;PERSON-CONTINUITY-REVIEW;POPULATION-REVIEW
dilma_2-2015-12-04,office:gap-dbaa3148d7cd,,dilma_2-aviacao-civil,2015-12-04,2015-12-09,resolved_by_service_and_affiliation_adjudication,service-dilma_rousseff-1-7;service-dilma_rousseff-1-8,affiliation-1acf6c75b9f2;affiliation-518560e30e49,Eliseu Padilha 2015-12-04/2015-12-08 titular | Guilherme Walder Mora Ramalho 2015-12-08/2015-12-09 vacancy_acting,,0,0,ATLAS-551;C021;LEG-d2f12b350683;LEG-f1b582114b4b,ATLAS-551;ATLAS-554;C021;PERSON-CONTINUITY-REVIEW;POPULATION-REVIEW
dilma_2-2015-12-04,person-cd7eec731906,Guilherme Walder Mora Ramalho,dilma_2-aviacao-civil,2015-12-04,2015-12-09,resolved_by_service_and_affiliation_adjudication,service-dilma_rousseff-1-8,affiliation-1acf6c75b9f2,Guilherme Walder Mora Ramalho 2015-12-08/2015-12-09 vacancy_acting,,0,0,ATLAS-551;C021;LEG-f1b582114b4b,ATLAS-551;ATLAS-554;C021;PERSON-CONTINUITY-REVIEW
dilma_2-2015-12-18,office:gap-e5a104c25a54,,dilma_2-planejamento,2015-12-18,2015-12-21,resolved_by_service_and_affiliation_adjudication,service-dilma_rousseff-1-59,affiliation-bbe72215419d,Nelson Barbosa 2015-12-18/2015-12-21 titular,,0,0,C030;LEG-50db413117de;LEG-e5f7ea3a676b,C030;PERSON-CONTINUITY-REVIEW;POPULATION-REVIEW
dilma_2-2016-03-16,office:gap-15b823bad23e,,dilma_2-casa-civil,2016-03-16,2016-03-17,resolved_by_service_and_affiliation_adjudication,service-C055-person-884dd07ee0fc,affiliation-d8954b97c63c,Eva Chiavon 2016-03-16/2016-03-17 vacancy_acting,,0,0,C031;C055;LEG-f7165c075478,C031;C055;PERSON-CONTINUITY-REVIEW;POPULATION-REVIEW
dilma_2-2016-03-16,office:gap-6aabec277edd,,dilma_2-gabinete-pessoal,2016-03-16,2016-03-17,resolved_by_explicit_office_vacancy_adjudication,,, VACANT_PENDING_FIRST_MINISTER: C050: legally created ministerial office awaiting first actual ministerial possession; administrative support does not appoint a minister.,,0,0,C050,
dilma_2-2016-03-18,office:gap-eb6d519a2c1d,,dilma_2-casa-civil,2016-03-18,2016-03-22,resolved_by_service_and_affiliation_adjudication,service-dilma_rousseff-1-15,affiliation-d8954b97c63c,Eva Chiavon 2016-03-18/2016-03-22 vacancy_acting,,0,0,C031;C055;LEG-f7165c075478,C031;C055;PERSON-CONTINUITY-REVIEW;POPULATION-REVIEW
dilma_2-2016-03-28,person-9cf6aaca0bc9,Alberto Alves,dilma_2-turismo,2016-03-28,2016-03-31,resolved_by_service_and_affiliation_adjudication,service-dilma_rousseff-1-77,affiliation-8527ce77d2d2,Alberto Alves 2016-03-28/2016-03-31 titular,,0,0,C019;LEG-4bd5de62c2aa,C019;PERSON-CONTINUITY-REVIEW;POPULATION-REVIEW
dilma_2-2016-03-31,person-9cf6aaca0bc9,Alberto Alves,dilma_2-turismo,2016-03-31,2016-04-14,resolved_by_service_and_affiliation_adjudication,service-dilma_rousseff-1-77,affiliation-8527ce77d2d2,Alberto Alves 2016-03-31/2016-04-14 titular,,0,0,C019;LEG-4bd5de62c2aa,C019;PERSON-CONTINUITY-REVIEW;POPULATION-REVIEW
dilma_2-2016-04-14,person-74c3b4df9e1a,Maria Fernanda Ramos Coelho,dilma_2-desenvolvimento-agrario,2016-04-14,2016-04-19,resolved_by_service_and_affiliation_adjudication,service-dilma_rousseff-1-32,affiliation-b5e73dd9d2f3,Maria Fernanda Ramos Coelho 2016-04-14/2016-04-19 titular,,0,0,C005;LEG-4e35512833d0,C005;PERSON-CONTINUITY-REVIEW;POPULATION-REVIEW
dilma_2-2016-04-14,person-9cf6aaca0bc9,Alberto Alves,dilma_2-turismo,2016-04-14,2016-04-19,resolved_by_service_and_affiliation_adjudication,service-dilma_rousseff-1-77,affiliation-8527ce77d2d2,Alberto Alves 2016-04-14/2016-04-19 titular,,0,0,C019;LEG-4bd5de62c2aa,C019;PERSON-CONTINUITY-REVIEW;POPULATION-REVIEW
dilma_2-2016-04-14,person-e3b49350bd7a,Emília Maria Silva Ribeiro Curi,dilma_2-ciencia-tecnologia,2016-04-14,2016-04-19,resolved_by_service_and_affiliation_adjudication,service-dilma_rousseff-1-18,affiliation-bf2c58ba8453,Emília Maria Silva Ribeiro Curi 2016-04-14/2016-04-19 titular,,0,0,C017;LEG-3adefb71d2bc,C017;PERSON-CONTINUITY-REVIEW;POPULATION-REVIEW
dilma_2-2016-04-14,person-ffd279a48828,Josélio de Andrade Moura,dilma_2-integracao,2016-04-14,2016-04-19,resolved_by_service_and_affiliation_adjudication,service-dilma_rousseff-1-50,affiliation-47d73aaf6f1d,Josélio de Andrade Moura 2016-04-14/2016-04-19 vacancy_acting,,0,0,C016;LEG-69449ca60500,C016;PERSON-CONTINUITY-REVIEW;POPULATION-REVIEW
dilma_2-2016-04-19,person-9b5ce7be473f,Marco Antônio Martins Almeida,dilma_2-minas-e-energia,2016-04-19,2016-05-12,resolved_by_service_and_affiliation_adjudication,service-dilma_rousseff-1-57,affiliation-3788fbf471f6,Marco Antônio Martins Almeida 2016-04-22/2016-05-12 titular,,0,0,ATLAS-580;C009;LEG-eb980c56cacd,C009;PERSON-CONTINUITY-REVIEW;POPULATION-REVIEW
dilma_2-2016-04-19,person-9cf6aaca0bc9,Alberto Alves,dilma_2-turismo,2016-04-19,2016-05-12,resolved_by_service_and_affiliation_adjudication,service-dilma_rousseff-1-77,affiliation-8527ce77d2d2,Alberto Alves 2016-04-19/2016-04-21 titular,,0,0,C019;LEG-4bd5de62c2aa,C019;PERSON-CONTINUITY-REVIEW;POPULATION-REVIEW
dilma_2-2016-04-19,person-c1f238f4da7e,Maurício Muniz Barreto de Carvalho,dilma_2-portos,2016-04-19,2016-05-12,resolved_by_service_and_affiliation_adjudication,service-dilma_rousseff-1-64,affiliation-f443e02e8e29,Maurício Muniz Barreto de Carvalho 2016-04-22/2016-05-12 titular,,0,0,ATLAS-549;C009;LEG-a4defbba80f9,C009;PERSON-CONTINUITY-REVIEW;POPULATION-REVIEW
dilma_2-2016-04-19,person-e3b49350bd7a,Emília Maria Silva Ribeiro Curi,dilma_2-ciencia-tecnologia,2016-04-19,2016-05-12,resolved_by_service_and_affiliation_adjudication,service-dilma_rousseff-1-18,affiliation-bf2c58ba8453,Emília Maria Silva Ribeiro Curi 2016-04-19/2016-05-12 titular,,0,0,C017;LEG-3adefb71d2bc,C017;PERSON-CONTINUITY-REVIEW;POPULATION-REVIEW
dilma_2-2016-04-19,person-ffd279a48828,Josélio de Andrade Moura,dilma_2-integracao,2016-04-19,2016-05-12,resolved_by_service_and_affiliation_adjudication,service-dilma_rousseff-1-50,affiliation-47d73aaf6f1d,Josélio de Andrade Moura 2016-04-19/2016-05-12 vacancy_acting,,0,0,C016;LEG-69449ca60500,C016;PERSON-CONTINUITY-REVIEW;POPULATION-REVIEW
lula_3-2023-05-04,office:gap-0ba755952dfd,,lula_3-turismo,2023-05-04,2023-09-06,resolved_by_service_and_affiliation_adjudication,service-C038-wallace-nunes-da-silva;service-lula_2023_presente-2-45;service-lula_2023_presente-2-46,affiliation-56794fb10347;affiliation-C038-wallace-nunes-da-silva-2023-07-14;affiliation-caf93607eaeb;affiliation-e01d874b01f1,Wallace Nunes da Silva 2023-07-14/2023-07-18 vacancy_acting | Daniela Carneiro 2023-05-04/2023-07-14 titular | Celso Sabino 2023-07-18/2023-09-06 titular,,0,0,AFF-034;AFF-035;AFF-036;C038;C070;C073;LEG-68b75f23e045;LEG-caa1bb9ce390,C038;C070;C073;OFF-041;PERSON-CONTINUITY-REVIEW;POPULATION-REVIEW;R27
lula_3-2023-05-04,person-a8fa920e4c2c,Marcos Antonio Amaro dos Santos,lula_3-gsi,2023-05-04,2023-09-06,resolved_by_service_and_affiliation_adjudication,service-lula_2023_presente-2-54,affiliation-898ef4b59c08,Marcos Antonio Amaro dos Santos 2023-05-04/2023-09-06 titular,,0,0,C002;LEG-0183d30a8b9f,C002;PERSON-CONTINUITY-REVIEW;POPULATION-REVIEW;R29
lula_3-2024-09-10,office:gap-9f2ffa84e57d,,lula_3-secretaria-extraordinaria-da-presidencia-da-republica-para-apoio-a-reconstrucao-do-rio-grande-do-sul,2024-09-10,2024-09-12,resolved_by_service_and_affiliation_adjudication,service-lula_2023_presente-2-61,affiliation-64183fdaa42d,Paulo Pimenta 2024-09-10/2024-09-12 titular,,0,0,C011;LEG-260dc224b3b3,C011;PERSON-CONTINUITY-REVIEW;POPULATION-REVIEW
lula_3-2025-04-09,person-940be97e3133,Sônia Faustino Mendes,lula_3-comunicacoes,2025-04-09,2025-04-24,resolved_by_service_and_affiliation_adjudication,service-lula_2023_presente-2-6,affiliation-843ca333bcc9,Sônia Faustino Mendes 2025-04-09/2025-04-24 titular,,0,0,C003;LEG-25f8de4303a5,C003;PERSON-CONTINUITY-REVIEW;POPULATION-REVIEW
lula_3-2026-01-09,person-5ade68870caa,Manoel Carlos de Almeida Neto,lula_3-justica,2026-01-09,2026-01-15,resolved_by_service_and_affiliation_adjudication,service-lula_2023_presente-2-27,affiliation-32ce62e2a7e9,Manoel Carlos de Almeida Neto 2026-01-09/2026-01-15 vacancy_acting,,0,0,C004;LEG-f1f3a25b37b6,C004;OFF-046;PERSON-CONTINUITY-REVIEW
temer-2016-05-23,office:gap-2fa6a3c49c36,,temer-cultura,2016-05-23,2016-05-24,resolved_by_explicit_office_vacancy_adjudication,,, VACANT_PENDING_FIRST_MINISTER: C050: legally created ministerial office awaiting first actual ministerial possession; administrative support does not appoint a minister.,,0,0,C050,
temer-2016-06-01,office:gap-fecbcbb06f7f,,temer-cgu,2016-06-01,2016-06-02,resolved_by_service_and_affiliation_adjudication,service-michel_temer-0-17,affiliation-f5366afa80a8,Carlos Higino Ribeiro de Alencar 2016-06-01/2016-06-02 vacancy_acting,,0,0,C033;LEG-10ae0d5a66c3,C033;PERSON-CONTINUITY-REVIEW;POPULATION-REVIEW
temer-2016-06-16,office:gap-3ff39bf6a5f5,,temer-turismo,2016-06-16,2016-10-05,resolved_by_service_and_affiliation_adjudication,service-michel_temer-0-63;service-michel_temer-0-64,affiliation-398de098c7cd;affiliation-8527ce77d2d2,Henrique Eduardo Alves 2016-06-16/2016-06-17 titular | Alberto Alves 2016-06-17/2016-10-05 titular,,0,0,C019;C045;LEG-0ac27f4dceb2;LEG-b9d4dcb53939,C019;C045;PERSON-CONTINUITY-REVIEW;POPULATION-REVIEW
temer-2016-06-16,person-9cf6aaca0bc9,Alberto Alves,temer-turismo,2016-06-16,2016-10-05,resolved_by_service_and_affiliation_adjudication,service-michel_temer-0-64,affiliation-8527ce77d2d2,Alberto Alves 2016-06-17/2016-10-05 titular,,0,0,C019;LEG-b9d4dcb53939,C019;PERSON-CONTINUITY-REVIEW;POPULATION-REVIEW
temer-2016-10-10,office:gap-c219bbffd68c,,temer-minas-e-energia,2016-10-10,2016-10-11,aggregate_resolved_personal_alternatives_retained,service-C041-paulo-pedrosa-2016-10-10,affiliation-C041-paulo-pedrosa-2016-10-10-2016-10-10,Paulo Pedrosa 2016-10-10/2016-10-11 vacancy_acting,,0,0,C041;C067,C041;C067
temer-2016-10-25,office:gap-ad56683a10f9,,temer-minas-e-energia,2016-10-25,2016-10-26,aggregate_resolved_personal_alternatives_retained,service-C041-paulo-pedrosa-2016-10-25,affiliation-C041-paulo-pedrosa-2016-10-25-2016-10-25,Paulo Pedrosa 2016-10-25/2016-10-26 vacancy_acting,,0,0,C041;C067,C041;C067
temer-2016-11-18,office:gap-f2e2d30f861f,,temer-cultura,2016-11-18,2016-11-23,resolved_by_service_and_affiliation_adjudication,service-C047-mariana-ribas-da-silva;service-michel_temer-0-10,affiliation-1a01e6c71c60;affiliation-C047-mariana-ribas-da-silva-2016-11-22,Mariana Ribas da Silva 2016-11-22/2016-11-23 vacancy_acting | Marcelo Calero 2016-11-18/2016-11-22 titular,,0,0,C047;LEG-689fffcf6dc3,C047;PERSON-CONTINUITY-REVIEW;POPULATION-REVIEW
temer-2016-11-25,office:gap-df38dc496982,,temer-secretaria-governo,2016-11-25,2017-02-03,historical_dependency_retained_primary_filled_by_assumption,service-C035-ivani-dos-santos,affiliation-C035-ivani-dos-santos-2016-11-25,Ivani dos Santos 2016-11-25/2017-02-03 vacancy_acting,person-ivani-dos-santos,70,0,C035;V5W1E001;V5W1E002;V5W1E003,C035;V5W1D001
temer-2017-02-22,person-37f571ff3c86,Marcos Galvão,temer-relacoes-exteriores,2017-02-22,2017-03-07,aggregate_resolved_personal_alternatives_retained,service-michel_temer-0-46,affiliation-7f51ac18f31f,Marcos Galvão 2017-02-22/2017-03-07 titular,,0,0,C027;LEG-5932ad93e7d8,C027;PERSON-CONTINUITY-REVIEW;POPULATION-REVIEW
temer-2017-02-22,person-86d3dadcfd0f,José Levi Mello,temer-justica,2017-02-22,2017-03-07,resolved_by_service_and_affiliation_adjudication,service-michel_temer-0-35,affiliation-70f5e8999fb8,José Levi Mello 2017-02-22/2017-03-07 vacancy_acting,,0,0,C026;LEG-8668ded98bde,C026;OFFICE-CAPACITY-2017;PERSON-CONTINUITY-REVIEW
temer-2017-04-26,office:gap-39c58059991e,,temer-minas-e-energia,2017-04-26,2017-04-27,aggregate_resolved_personal_alternatives_retained,service-C041-paulo-pedrosa-2017-04-26,affiliation-C041-paulo-pedrosa-2017-04-26-2017-04-26,Paulo Pedrosa 2017-04-26/2017-04-27 vacancy_acting,,0,0,C041;C067,C041;C067
temer-2017-05-31,office:gap-04dcc85c8f0a,,temer-cultura,2017-05-31,2017-08-02,resolved_by_service_and_affiliation_adjudication,service-michel_temer-0-12;service-michel_temer-0-13,affiliation-b4a761965dd6;affiliation-c0420f5557c9,João Batista de Andrade 2017-05-31/2017-07-25 vacancy_acting | Sérgio Sá Leitão 2017-07-25/2017-08-02 titular,,0,0,C008;LEG-5041fedb5f1c;LEG-7139e1851d7d,C008;PERSON-CONTINUITY-REVIEW;POPULATION-REVIEW
temer-2017-05-31,person-6e58f0606af5,Wagner Rosário,temer-cgu,2017-05-31,2017-08-02,resolved_by_service_and_affiliation_adjudication,service-michel_temer-0-19,affiliation-50f19c1ba2fb,Wagner Rosário 2017-05-31/2017-08-02 titular,,0,0,C015;LEG-300fa8e71e1b,C015;PERSON-CONTINUITY-REVIEW;POPULATION-REVIEW
temer-2017-08-02,office:gap-6a63c90af350,,temer-minas-e-energia,2017-08-02,2017-08-03,aggregate_resolved_personal_alternatives_retained,service-C041-paulo-pedrosa-2017-08-02,affiliation-C041-paulo-pedrosa-2017-08-02-2017-08-02,Paulo Pedrosa 2017-08-02/2017-08-03 vacancy_acting,,0,0,C041;C067,C041;C067
temer-2017-08-02,person-6e58f0606af5,Wagner Rosário,temer-cgu,2017-08-02,2017-08-03,resolved_by_service_and_affiliation_adjudication,service-michel_temer-0-19,affiliation-50f19c1ba2fb,Wagner Rosário 2017-08-02/2017-08-03 titular,,0,0,C015;LEG-300fa8e71e1b,C015;PERSON-CONTINUITY-REVIEW;POPULATION-REVIEW
temer-2017-08-03,person-6e58f0606af5,Wagner Rosário,temer-cgu,2017-08-03,2017-10-18,resolved_by_service_and_affiliation_adjudication,service-michel_temer-0-19,affiliation-50f19c1ba2fb,Wagner Rosário 2017-08-03/2017-10-18 titular,,0,0,C015;LEG-300fa8e71e1b,C015;PERSON-CONTINUITY-REVIEW;POPULATION-REVIEW
temer-2017-10-18,office:gap-4c3337a7818f,,temer-minas-e-energia,2017-10-18,2017-10-26,aggregate_resolved_personal_alternatives_retained,service-C041-paulo-pedrosa-2017-10-18,affiliation-C041-paulo-pedrosa-2017-10-18-2017-10-18,Paulo Pedrosa 2017-10-18/2017-10-26 vacancy_acting,,0,0,C041;C067,C041;C067
temer-2017-10-18,person-6e58f0606af5,Wagner Rosário,temer-cgu,2017-10-18,2017-10-26,resolved_by_service_and_affiliation_adjudication,service-michel_temer-0-19,affiliation-50f19c1ba2fb,Wagner Rosário 2017-10-18/2017-10-26 titular,,0,0,C015;LEG-300fa8e71e1b,C015;PERSON-CONTINUITY-REVIEW;POPULATION-REVIEW
temer-2017-10-26,person-48a2cca11210,Marco Aurélio de Queiroz Campos,temer-cidades,2017-10-26,2017-12-31,resolved_by_service_and_affiliation_adjudication,service-michel_temer-0-7,affiliation-9e07f91b8db4,Marco Aurélio de Queiroz Campos 2017-11-13/2017-11-22 titular,,0,0,C026;LEG-5bb831c94f66,C026;PERSON-CONTINUITY-REVIEW;POPULATION-REVIEW
temer-2017-10-26,person-6e58f0606af5,Wagner Rosário,temer-cgu,2017-10-26,2017-12-31,resolved_by_service_and_affiliation_adjudication,service-michel_temer-0-19,affiliation-50f19c1ba2fb,Wagner Rosário 2017-10-26/2017-12-31 titular,,0,0,C015;LEG-300fa8e71e1b,C015;PERSON-CONTINUITY-REVIEW;POPULATION-REVIEW
temer-2017-12-31,office:gap-8405b5c80ded,,temer-direitos-humanos,2017-12-31,2018-03-21,resolved_by_service_and_affiliation_adjudication,service-michel_temer-0-14;service-michel_temer-0-15,affiliation-2c14403e141f;affiliation-8012d8e03cf8,Luislinda Valois 2017-12-31/2018-02-20 titular | Gustavo Rocha 2018-02-20/2018-03-21 titular,,0,0,ATLAS-607;C040;LEG-422e9936450e;LEG-9d878ec47da4,C040;PERSON-CONTINUITY-REVIEW;POPULATION-REVIEW
temer-2017-12-31,person-6e58f0606af5,Wagner Rosário,temer-cgu,2017-12-31,2018-03-21,resolved_by_service_and_affiliation_adjudication,service-michel_temer-0-19,affiliation-50f19c1ba2fb,Wagner Rosário 2017-12-31/2018-03-21 titular,,0,0,C015;LEG-300fa8e71e1b,C015;PERSON-CONTINUITY-REVIEW;POPULATION-REVIEW
temer-2018-03-21,person-6e58f0606af5,Wagner Rosário,temer-cgu,2018-03-21,2018-04-02,resolved_by_service_and_affiliation_adjudication,service-michel_temer-0-19,affiliation-50f19c1ba2fb,Wagner Rosário 2018-03-21/2018-04-02 titular,,0,0,C015;LEG-300fa8e71e1b,C015;PERSON-CONTINUITY-REVIEW;POPULATION-REVIEW
temer-2018-04-02,person-34a8cf0e1dd6,Valter Casimiro Silveira,temer-transportes-portos-e-aviacao-civil,2018-04-02,2018-04-06,resolved_by_service_and_affiliation_adjudication,service-michel_temer-0-62,affiliation-6180c2397d82,Valter Casimiro Silveira 2018-04-02/2018-04-06 titular,,0,0,C001;LEG-1b538294c425;R13,C001;PERSON-CONTINUITY-REVIEW;POPULATION-REVIEW;R13
temer-2018-04-02,person-6e58f0606af5,Wagner Rosário,temer-cgu,2018-04-02,2018-04-06,resolved_by_service_and_affiliation_adjudication,service-michel_temer-0-19,affiliation-50f19c1ba2fb,Wagner Rosário 2018-04-02/2018-04-06 titular,,0,0,C015;LEG-300fa8e71e1b,C015;PERSON-CONTINUITY-REVIEW;POPULATION-REVIEW
temer-2018-04-06,office:gap-5ca86b465daf,,temer-secretaria-geral,2018-04-06,2018-07-05,resolved_by_service_and_affiliation_adjudication,service-58f6ac35cb5d;service-michel_temer-0-53;service-michel_temer-0-55,affiliation-1126c806f45a;affiliation-12c68d7be9c0;affiliation-aef121686045;affiliation-c393ce25bc55,Joaquim Lima de Oliveira 2018-04-10/2018-05-28 vacancy_acting | Moreira Franco 2018-04-06/2018-04-10 titular | Ronaldo Fonseca 2018-05-28/2018-07-05 titular,,0,0,ATLAS-583;ATLAS-609;C026;C028;C041;LEG-79c599cac5ac;LEG-c9ecc2f3d167;LEG-f0e3878b0b42;NEW-FONSECA;OCC-005,C026;C028;C041;OFFICE-ADJUDICATION;PERSON-CONTINUITY-REVIEW;POPULATION-REVIEW;R12
temer-2018-04-06,office:gap-7e9a7b83eeae,,temer-planejamento,2018-04-06,2018-07-05,resolved_by_service_and_affiliation_adjudication,service-C052-person-97d87d5bc202;service-michel_temer-0-44,affiliation-54b3734919e3,Esteves Colnago 2018-04-06/2018-04-10 vacancy_acting | Esteves Colnago 2018-04-10/2018-07-05 titular,,0,0,ATLAS-586;C052;LEG-d0da31186ebc,C052;PERSON-CONTINUITY-REVIEW;POPULATION-REVIEW
temer-2018-04-06,office:gap-896002fadcab,,temer-turismo,2018-04-06,2018-07-05,resolved_by_service_and_affiliation_adjudication,service-C053-person-9cf6aaca0bc9;service-michel_temer-0-66,affiliation-9314ed6419d2;affiliation-C053-alberto-alves,Alberto Alves 2018-04-06/2018-04-10 vacancy_acting | Vinicius Lummertz 2018-04-10/2018-07-05 titular,,0,0,ATLAS-605;C019;C053;LEG-8174e12a8374;LEG-b9d4dcb53939,C019;C053;PERSON-CONTINUITY-REVIEW;POPULATION-REVIEW
temer-2018-04-06,office:gap-8f5180873620,,temer-educacao,2018-04-06,2018-07-05,resolved_by_service_and_affiliation_adjudication,service-C046-maria-helena-guimaraes-de-castro;service-michel_temer-0-21,affiliation-C046-maria-helena-guimaraes-de-castro-2018-04-06;affiliation-c28f7caff6cf,Maria Helena Guimarães de Castro 2018-04-06/2018-04-10 vacancy_acting | Rossieli Soares 2018-04-10/2018-07-05 titular,,0,0,C046;LEG-583e1fef9251,C046;PERSON-CONTINUITY-REVIEW;POPULATION-REVIEW
temer-2018-04-06,office:gap-af9a7b6408ad,,temer-integracao,2018-04-06,2018-07-05,resolved_by_service_and_affiliation_adjudication,service-C051-mario-ramos-ribeiro;service-michel_temer-0-33,affiliation-C051-mario-ramos-ribeiro-2018-04-06;affiliation-c7723c64ec1a,Mário Ramos Ribeiro 2018-04-06/2018-04-10 vacancy_acting | Pádua Andrade 2018-04-10/2018-07-05 titular,,0,0,ATLAS-588;C051;C069;LEG-8553657ff23b,C051;C069;PERSON-CONTINUITY-REVIEW;POPULATION-REVIEW
temer-2018-04-06,person-34a8cf0e1dd6,Valter Casimiro Silveira,temer-transportes-portos-e-aviacao-civil,2018-04-06,2018-07-05,resolved_by_service_and_affiliation_adjudication,service-michel_temer-0-62,affiliation-6180c2397d82,Valter Casimiro Silveira 2018-04-06/2018-07-05 titular,,0,0,C001;LEG-1b538294c425;R13,C001;PERSON-CONTINUITY-REVIEW;POPULATION-REVIEW;R13
temer-2018-04-06,person-6e58f0606af5,Wagner Rosário,temer-cgu,2018-04-06,2018-07-05,resolved_by_service_and_affiliation_adjudication,service-michel_temer-0-19,affiliation-50f19c1ba2fb,Wagner Rosário 2018-04-06/2018-07-05 titular,,0,0,C015;LEG-300fa8e71e1b,C015;PERSON-CONTINUITY-REVIEW;POPULATION-REVIEW
temer-2018-04-06,person-c855c86b4f06,Joaquim Lima de Oliveira,temer-secretaria-geral,2018-04-06,2018-07-05,resolved_by_service_and_affiliation_adjudication,service-58f6ac35cb5d,affiliation-aef121686045,Joaquim Lima de Oliveira 2018-04-10/2018-05-28 vacancy_acting,,0,0,C026;C028;OCC-005,C026;C028;OFFICE-ADJUDICATION;PERSON-CONTINUITY-REVIEW
temer-2018-07-05,office:gap-35764beba8ba,,temer-trabalho,2018-07-05,2018-07-11,resolved_by_service_and_affiliation_adjudication,service-C012-padilha-trabalho;service-michel_temer-0-60,affiliation-c67117c71f67;affiliation-cdaef6c4fd6d,Eliseu Padilha 2018-07-05/2018-07-10 vacancy_acting | Caio Vieira de Mello 2018-07-10/2018-07-11 titular,,0,0,C012;LEG-2fc1de1192dc;LEG-f764ca51f313,C012;PERSON-CONTINUITY-REVIEW;POPULATION-REVIEW
temer-2018-07-05,person-34a8cf0e1dd6,Valter Casimiro Silveira,temer-transportes-portos-e-aviacao-civil,2018-07-05,2018-07-11,resolved_by_service_and_affiliation_adjudication,service-michel_temer-0-62,affiliation-6180c2397d82,Valter Casimiro Silveira 2018-07-05/2018-07-11 titular,,0,0,C001;LEG-1b538294c425;R13,C001;PERSON-CONTINUITY-REVIEW;POPULATION-REVIEW;R13
temer-2018-07-05,person-6e58f0606af5,Wagner Rosário,temer-cgu,2018-07-05,2018-07-11,resolved_by_service_and_affiliation_adjudication,service-michel_temer-0-19,affiliation-50f19c1ba2fb,Wagner Rosário 2018-07-05/2018-07-11 titular,,0,0,C015;LEG-300fa8e71e1b,C015;PERSON-CONTINUITY-REVIEW;POPULATION-REVIEW
temer-2018-12-28,office:gap-4225a93161f0,,temer-secretaria-governo,2018-12-28,2019-01-01,historical_dependency_retained_primary_filled_by_assumption,service-13f7c2c1b899;service-C034-carlos-henrique-menezes-sobral,affiliation-C034-carlos-henrique-menezes-sobral-2018-12-31;affiliation-c7e01caf6c57,Carlos Marun 2018-12-28/2018-12-31 titular | Carlos Henrique Menezes Sobral 2018-12-31/2019-01-01 vacancy_acting,person-carlos-henrique-menezes-sobral,1,0,C034;OFF-003;OFF-012;OFF-013;V5W2E001;V5W2E002;V5W2E003,C034;OFFICE-ADJUDICATION;PERSON-CONTINUITY-REVIEW;V5W2D001;V5W2D002
