"case_id","source_case_id","case_domain","ideological_universe","k","gap_count","case_order","election_year","case_label","cabinet_period","source_periods","period_start","period_end","period_days","ideology_start_index","ideology_end_index","start_party","end_party","coalition_parties","coalition_party_count","minimal_inversion","minimal_status","observed_coalition","synthetic_ideological_interval","composition_equivalence_group","composition_equivalence_count","compositionally_repeated","coalition_party_order","party","v_i","V","vote_share","s_i","S","seat_share","q_i","R_i","d_i","A_i","B_i","A_plus_B_residual","q_times_R_minus_1","accounting_qualification"
"cabinet/2014/2016.3","2014/2016.3","cabinet","not_applicable",,,1,2014,"2016.3","2016.3","[""dilma_2-2016-04-14""]",2016-04-14,2016-04-18,5,,,,,"PCdoB, PDT, PMDB, PR, PSD, PT, PTB",7,,"not applicable",true,false,"2014:PCdoB|PDT|PMDB|PR|PSD|PT|PTB",1,false,1,"PCdoB",1913015,97355354,0.01964981812916011,10,513,0.01949317738791423,10.080356700259134,0.9920283872239294,-0.0803567002591352,-0.5688758702547635,0.4885191699956283,0.0,-0.0803567002591352,"ex post party accounting contribution; joint electoral lists"
"cabinet/2014/2016.3","2014/2016.3","cabinet","not_applicable",,,1,2014,"2016.3","2016.3","[""dilma_2-2016-04-14""]",2016-04-14,2016-04-18,5,,,,,"PCdoB, PDT, PMDB, PR, PSD, PT, PTB",7,,"not applicable",true,false,"2014:PCdoB|PDT|PMDB|PR|PSD|PT|PTB",1,false,2,"PDT",3528346,97355354,0.03624193077249763,20,513,0.03898635477582846,18.592110486291283,1.075725104729063,1.407889513708717,-0.15563789039051862,1.5635274040992357,0.0,1.407889513708717,"ex post party accounting contribution; joint electoral lists"
"cabinet/2014/2016.3","2014/2016.3","cabinet","not_applicable",,,1,2014,"2016.3","2016.3","[""dilma_2-2016-04-14""]",2016-04-14,2016-04-18,5,,,,,"PCdoB, PDT, PMDB, PR, PSD, PT, PTB",7,,"not applicable",true,false,"2014:PCdoB|PDT|PMDB|PR|PSD|PT|PTB",1,false,3,"PMDB",10791949,97355354,0.11085110943153675,65,513,0.1267056530214425,56.86661913837836,1.1430255743150477,8.133380861621642,3.9086952162479633,4.224685645373679,0.0,8.133380861621642,"ex post party accounting contribution; joint electoral lists"
"cabinet/2014/2016.3","2014/2016.3","cabinet","not_applicable",,,1,2014,"2016.3","2016.3","[""dilma_2-2016-04-14""]",2016-04-14,2016-04-18,5,,,,,"PCdoB, PDT, PMDB, PR, PSD, PT, PTB",7,,"not applicable",true,false,"2014:PCdoB|PDT|PMDB|PR|PSD|PT|PTB",1,false,4,"PR",5635519,97355354,0.05788607167922167,34,513,0.06627680311890838,29.695554771440715,1.1449525109629883,4.304445228559284,5.0428381901786,-0.7383929616193156,0.0,4.304445228559284,"ex post party accounting contribution; joint electoral lists"
"cabinet/2014/2016.3","2014/2016.3","cabinet","not_applicable",,,1,2014,"2016.3","2016.3","[""dilma_2-2016-04-14""]",2016-04-14,2016-04-18,5,,,,,"PCdoB, PDT, PMDB, PR, PSD, PT, PTB",7,,"not applicable",true,false,"2014:PCdoB|PDT|PMDB|PR|PSD|PT|PTB",1,false,5,"PSD",5967953,97355354,0.061300716959028265,36,513,0.07017543859649122,31.4472677999815,1.1447735373697927,4.552732200018501,4.645941310001025,-0.09320910998252392,0.0,4.552732200018501,"ex post party accounting contribution; joint electoral lists"
"cabinet/2014/2016.3","2014/2016.3","cabinet","not_applicable",,,1,2014,"2016.3","2016.3","[""dilma_2-2016-04-14""]",2016-04-14,2016-04-18,5,,,,,"PCdoB, PDT, PMDB, PR, PSD, PT, PTB",7,,"not applicable",true,false,"2014:PCdoB|PDT|PMDB|PR|PSD|PT|PTB",1,false,6,"PT",13554166,97355354,0.13922363222057618,69,513,0.13450292397660818,71.42172332915558,0.9660926225765405,-2.4217233291555798,-1.215411226585322,-1.2063121025702577,0.0,-2.4217233291555798,"ex post party accounting contribution; joint electoral lists"
"cabinet/2014/2016.3","2014/2016.3","cabinet","not_applicable",,,1,2014,"2016.3","2016.3","[""dilma_2-2016-04-14""]",2016-04-14,2016-04-18,5,,,,,"PCdoB, PDT, PMDB, PR, PSD, PT, PTB",7,,"not applicable",true,false,"2014:PCdoB|PDT|PMDB|PR|PSD|PT|PTB",1,false,7,"PTB",3914193,97355354,0.040205215626867324,25,513,0.04873294346978557,20.625275616582936,1.2121050144852241,4.374724383417064,4.084472535550831,0.2902518478662325,0.0,4.374724383417064,"ex post party accounting contribution; joint electoral lists"
"cabinet/2022/2023.1","2022/2023.1","cabinet","not_applicable",,,2,2022,"2023.1","2023.1","[""lula_3-2023-01-01""]",2023-01-01,2023-09-12,255,,,,,"MDB, PCdoB, PDT, PSB, PSD, PSOL, PT, REDE, UNIÃO",9,,"not applicable",true,false,"2022:MDB|PCdoB|PDT|PSB|PSD|PSOL|PT|REDE|UNIÃO",1,false,1,"MDB",7950895,109413508,0.0726683125816604,42,513,0.08187134502923976,37.27884435439178,1.1266443669961037,4.721155645608219,5.119561127195656,-0.3984054815874375,0.0,4.721155645608219,"accounting attribution; not an independent causal effect"
"cabinet/2022/2023.1","2022/2023.1","cabinet","not_applicable",,,2,2022,"2023.1","2023.1","[""lula_3-2023-01-01""]",2023-01-01,2023-09-12,255,,,,,"MDB, PCdoB, PDT, PSB, PSD, PSOL, PT, REDE, UNIÃO",9,,"not applicable",true,false,"2022:MDB|PCdoB|PDT|PSB|PSD|PSOL|PT|REDE|UNIÃO",1,false,2,"PCdoB",1154712,109413508,0.010553651199996256,6,513,0.011695906432748537,5.414023065598079,1.108233180262077,0.5859769344019204,0.17628181135851972,0.4096951230434007,0.0,0.5859769344019204,"accounting attribution; not an independent causal effect"
"cabinet/2022/2023.1","2022/2023.1","cabinet","not_applicable",,,2,2022,"2023.1","2023.1","[""lula_3-2023-01-01""]",2023-01-01,2023-09-12,255,,,,,"MDB, PCdoB, PDT, PSB, PSD, PSOL, PT, REDE, UNIÃO",9,,"not applicable",true,false,"2022:MDB|PCdoB|PDT|PSB|PSD|PSOL|PT|REDE|UNIÃO",1,false,3,"PDT",3828367,109413508,0.034989893569631274,17,513,0.03313840155945419,17.949815401220842,0.947084948786925,-0.9498154012208437,-1.9742011739935168,1.024385772772673,0.0,-0.9498154012208437,"accounting attribution; not an independent causal effect"
"cabinet/2022/2023.1","2022/2023.1","cabinet","not_applicable",,,2,2022,"2023.1","2023.1","[""lula_3-2023-01-01""]",2023-01-01,2023-09-12,255,,,,,"MDB, PCdoB, PDT, PSB, PSD, PSOL, PT, REDE, UNIÃO",9,,"not applicable",true,false,"2022:MDB|PCdoB|PDT|PSB|PSD|PSOL|PT|REDE|UNIÃO",1,false,4,"PSB",4174899,109413508,0.0381570710629258,14,513,0.02729044834307992,19.574577455280934,0.7152133951286395,-5.574577455280933,-5.545916698920125,-0.02866075636080796,0.0,-5.574577455280933,"accounting attribution; not an independent causal effect"
"cabinet/2022/2023.1","2022/2023.1","cabinet","not_applicable",,,2,2022,"2023.1","2023.1","[""lula_3-2023-01-01""]",2023-01-01,2023-09-12,255,,,,,"MDB, PCdoB, PDT, PSB, PSD, PSOL, PT, REDE, UNIÃO",9,,"not applicable",true,false,"2022:MDB|PCdoB|PDT|PSB|PSD|PSOL|PT|REDE|UNIÃO",1,false,5,"PSD",8293956,109413508,0.07580376638687063,42,513,0.08187134502923976,38.88733215646463,1.08004323441401,3.1126678435353705,2.351878855613102,0.7607889879222685,0.0,3.1126678435353705,"accounting attribution; not an independent causal effect"
"cabinet/2022/2023.1","2022/2023.1","cabinet","not_applicable",,,2,2022,"2023.1","2023.1","[""lula_3-2023-01-01""]",2023-01-01,2023-09-12,255,,,,,"MDB, PCdoB, PDT, PSB, PSD, PSOL, PT, REDE, UNIÃO",9,,"not applicable",true,false,"2022:MDB|PCdoB|PDT|PSB|PSD|PSOL|PT|REDE|UNIÃO",1,false,6,"PSOL",3852246,109413508,0.035208139016984996,12,513,0.023391812865497075,18.0617753157133,0.6643865173962326,-6.0617753157133025,-3.4020788280282557,-2.6596964876850473,0.0,-6.0617753157133025,"accounting attribution; not an independent causal effect"
"cabinet/2022/2023.1","2022/2023.1","cabinet","not_applicable",,,2,2022,"2023.1","2023.1","[""lula_3-2023-01-01""]",2023-01-01,2023-09-12,255,,,,,"MDB, PCdoB, PDT, PSB, PSD, PSOL, PT, REDE, UNIÃO",9,,"not applicable",true,false,"2022:MDB|PCdoB|PDT|PSB|PSD|PSOL|PT|REDE|UNIÃO",1,false,7,"PT",13236698,109413508,0.1209786455251942,69,513,0.13450292397660818,62.062045154424624,1.111790625467017,6.937954845575375,9.068253408506147,-2.130298562930772,0.0,6.937954845575375,"accounting attribution; not an independent causal effect"
"cabinet/2022/2023.1","2022/2023.1","cabinet","not_applicable",,,2,2022,"2023.1","2023.1","[""lula_3-2023-01-01""]",2023-01-01,2023-09-12,255,,,,,"MDB, PCdoB, PDT, PSB, PSD, PSOL, PT, REDE, UNIÃO",9,,"not applicable",true,false,"2022:MDB|PCdoB|PDT|PSB|PSD|PSOL|PT|REDE|UNIÃO",1,false,8,"REDE",782917,109413508,0.007155578998527311,2,513,0.003898635477582846,3.6708120262445108,0.5448385767783744,-1.670812026244511,-1.9541934416370335,0.2833814153925225,0.0,-1.670812026244511,"accounting attribution; not an independent causal effect"
"cabinet/2022/2023.1","2022/2023.1","cabinet","not_applicable",,,2,2022,"2023.1","2023.1","[""lula_3-2023-01-01""]",2023-01-01,2023-09-12,255,,,,,"MDB, PCdoB, PDT, PSB, PSD, PSOL, PT, REDE, UNIÃO",9,,"not applicable",true,false,"2022:MDB|PCdoB|PDT|PSB|PSD|PSOL|PT|REDE|UNIÃO",1,false,9,"UNIÃO",10215433,109413508,0.09336537313107629,59,513,0.11500974658869395,47.89643641624213,1.231824419822443,11.103563583757866,9.356662317791708,1.7469012659661585,0.0,11.103563583757866,"accounting attribution; not an independent causal effect"
