"election_year","electoral_unit","V_d","S_d","V","S","district_vote_weight","district_seat_weight","district_weight_gap","seat_equivalent_weight_gap","valid_votes_per_seat","sum_a_id","sum_b_id","expected_sum_b_id","b_closure_residual","seat_equivalent_weight_gap_exact"
2014,"AC",399201,8,97355354,513,0.00410045245174703,0.015594541910331383,0.011494089458584354,5.896467892253773,49900.125,0.0,5.896467892253773,5.896467892253773,0.0,"30213301//5123966"
2014,"AL",1384584,9,97355354,513,0.014221960509742485,0.017543859649122806,0.003321899139380321,1.7041342585021055,153842.66666666666,0.0,1.7041342585021055,1.7041342585021055,0.0,"4365963//2561983"
2014,"AM",1658407,8,97355354,513,0.01703457418479522,0.015594541910331383,-0.0014400322744638379,-0.7387365567999475,207300.875,0.0,-0.7387365567999475,-0.7387365567999475,0.0,"-3785261//5123966"
2014,"AP",386084,8,97355354,513,0.0039657192351229085,0.015594541910331383,0.011628822675208475,5.965586032381948,48260.5,0.0,5.965586032381948,5.965586032381948,0.0,"15283730//2561983"
2014,"BA",6646541,39,97355354,513,0.06827093453946045,0.07602339181286549,0.007752457273405039,3.9770105812567844,170424.12820512822,0.0,3.9770105812567844,3.9770105812567844,0.0,"20378067//5123966"
2014,"CE",4367020,22,97355354,513,0.04485649551436072,0.042884990253411304,-0.0019715052609494133,-1.0113821988670495,198500.9090909091,0.0,-1.0113821988670495,-1.0113821988670495,0.0,"-2591144//2561983"
2014,"DF",1454063,8,97355354,513,0.014935624393086794,0.015594541910331383,0.0006589175172445894,0.3380246863464746,181757.875,0.0,0.3380246863464746,0.3380246863464746,0.0,"1732027//5123966"
2014,"ES",1794470,10,97355354,513,0.018432165528359128,0.01949317738791423,0.0010610118595551013,0.5442990839517671,179447.0,0.0,0.5442990839517671,0.5442990839517671,0.0,"1394485//2561983"
2014,"GO",3032760,17,97355354,513,0.031151445456199564,0.03313840155945419,0.001986956103254625,1.019308480969624,178397.64705882352,0.0,1.019308480969624,1.019308480969624,0.0,"2611451//2561983"
2014,"MA",3130492,18,97355354,513,0.0321553142316138,0.03508771929824561,0.0029324050666318102,1.504323799182118,173916.22222222222,0.0,1.504323799182118,1.504323799182118,0.0,"3854052//2561983"
2014,"MG",10118666,53,97355354,513,0.10393538294771133,0.10331384015594541,-0.0006215427917659194,-0.31885145217591215,190918.22641509434,0.0,-0.31885145217591215,-0.31885145217591215,0.0,"-816892//2561983"
2014,"MS",1276893,8,97355354,513,0.013115796384449489,0.015594541910331383,0.0024787455258818945,1.2715964547774126,159611.625,0.0,1.2715964547774126,1.2715964547774126,0.0,"6515617//5123966"
2014,"MT",1454612,8,97355354,513,0.014941263528249303,0.015594541910331383,0.0006532783820820797,0.335131810008107,181826.5,0.0,0.335131810008107,0.335131810008107,0.0,"858602//2561983"
2014,"PA",3756049,17,97355354,513,0.038580816007304536,0.03313840155945419,-0.005442414447850347,-2.7919586117472286,220944.0588235294,0.0,-2.7919586117472286,-2.7919586117472286,0.0,"-14305901//5123966"
2014,"PB",1936819,12,97355354,513,0.019894324455951337,0.023391812865497075,0.0034974884095457376,1.7942115540969632,161401.58333333334,0.0,1.7942115540969632,1.7942115540969632,0.0,"9193479//5123966"
2014,"PE",4483227,25,97355354,513,0.04605013300038948,0.04873294346978557,0.002682810469396092,1.3762817708001966,179329.08,0.0,1.3762817708001966,1.3762817708001966,0.0,"7052021//5123966"
2014,"PI",1733434,10,97355354,513,0.017805225175391997,0.01949317738791423,0.001687952212522232,0.8659194850239053,173343.4,0.0,0.8659194850239053,0.8659194850239053,0.0,"2218471//2561983"
2014,"PR",5665222,30,97355354,513,0.058191170461975826,0.05847953216374269,0.00028836170176686077,0.14792955300640168,188840.73333333334,0.0,0.14792955300640168,0.14792955300640168,0.0,"378993//2561983"
2014,"RJ",7673438,46,97355354,513,0.07881885982356965,0.08966861598440545,0.010849756160835805,5.565924910508774,166813.86956521738,0.0,5.565924910508774,5.565924910508774,0.0,"14259805//2561983"
2014,"RN",1580871,8,97355354,513,0.016238151627490358,0.015594541910331383,-0.0006436097171589744,-0.330171784902554,197608.875,0.0,-0.330171784902554,-0.330171784902554,0.0,"-1691789//5123966"
2014,"RO",798475,8,97355354,513,0.008201654733852645,0.015594541910331383,0.007392887176478739,3.7925511215335934,99809.375,0.0,3.7925511215335934,3.7925511215335934,0.0,"19432903//5123966"
2014,"RR",238099,8,97355354,513,0.002445669295188429,0.015594541910331383,0.013148872615142955,6.745371651568336,29762.375,0.0,6.745371651568336,6.745371651568336,0.0,"34563055//5123966"
2014,"RS",5942063,31,97355354,513,0.061034783972949244,0.06042884990253411,-0.0006059340704151345,-0.3108441781229618,191679.4516129032,0.0,-0.3108441781229618,-0.3108441781229618,0.0,"-1592755//5123966"
2014,"SC",3391619,16,97355354,513,0.03483751905416522,0.031189083820662766,-0.003648435233502452,-1.871647274786757,211976.1875,0.0,-1.871647274786757,-1.871647274786757,0.0,"-9590257//5123966"
2014,"SE",1052826,8,97355354,513,0.010814258864489364,0.015594541910331383,0.004780283045842019,2.452285202516957,131603.25,0.0,2.452285202516957,2.452285202516957,0.0,"6282713//2561983"
2014,"SP",21266194,70,97355354,513,0.21843887496932116,0.1364522417153996,-0.08198663325392155,-42.059142859261755,303802.77142857143,0.0,-42.059142859261755,-42.059142859261755,0.0,"-107754809//2561983"
2014,"TO",733225,8,97355354,513,0.007531429653062532,0.015594541910331383,0.008063112257268851,4.136376587978921,91653.125,0.0,4.136376587978921,4.136376587978921,0.0,"21194653//5123966"
2018,"AC",417502,8,98264190,513,0.004248770584686039,0.015594541910331383,0.011345771325645345,5.820380690056062,52187.75,0.0,5.820380690056062,5.820380690056062,0.0,"95322499//16377365"
2018,"AL",1460767,9,98264190,513,0.014865710489243334,0.017543859649122806,0.002678149159879472,1.3738905190181694,162307.44444444444,0.0,1.3738905190181694,1.3738905190181694,0.0,"45001413//32754730"
2018,"AM",1770246,8,98264190,513,0.01801516910687403,0.015594541910331383,-0.0024206271965426483,-1.2417817518263774,221280.75,0.0,-1.2417817518263774,-1.2417817518263774,0.0,"-20337113//16377365"
2018,"AP",364871,8,98264190,513,0.0037131634627019265,0.015594541910331383,0.011881378447629456,6.095147143633912,45608.875,0.0,6.095147143633912,6.095147143633912,0.0,"199644899//32754730"
2018,"BA",6868013,39,98264190,513,0.06989334568371244,0.07602339181286549,0.0061300461291530495,3.1447136642555136,176102.89743589744,0.0,3.1447136642555136,3.1447136642555136,0.0,"103004247//32754730"
2018,"CE",4596080,22,98264190,513,0.04677268494250042,0.042884990253411304,-0.003887694689089116,-1.9943873755027137,208912.72727272726,0.0,-1.9943873755027137,-1.9943873755027137,0.0,"-6532562//3275473"
2018,"DF",1439876,8,98264190,513,0.014653110151317586,0.015594541910331383,0.0009414317590137975,0.4829544923740785,179984.5,0.0,0.4829544923740785,0.4829544923740785,0.0,"7909522//16377365"
2018,"ES",1933018,10,98264190,513,0.0196716423348119,0.01949317738791423,-0.0001784649468976711,-0.09155251775850388,193301.8,0.0,-0.09155251775850388,-0.09155251775850388,0.0,"-1499389//16377365"
2018,"GO",3031931,17,98264190,513,0.030854892306139196,0.03313840155945419,0.0022835092533149935,1.1714402469505931,178348.88235294117,0.0,1.1714402469505931,1.1714402469505931,0.0,"38370209//32754730"
2018,"MA",3270678,18,98264190,513,0.03328453630971771,0.03508771929824561,0.0018031829885278988,0.9250328731148143,181704.33333333334,0.0,0.9250328731148143,0.9250328731148143,0.0,"15149601//16377365"
2018,"MG",10087536,53,98264190,513,0.10265729560280301,0.10331384015594541,0.0006565445531424019,0.3368073557620533,190330.8679245283,0.0,0.3368073557620533,0.3368073557620533,0.0,"5516017//16377365"
2018,"MS",1240027,8,98264190,513,0.012619317372890368,0.015594541910331383,0.0029752245374410156,1.526290187707241,155003.375,0.0,1.526290187707241,1.526290187707241,0.0,"49993223//32754730"
2018,"MT",1408190,8,98264190,513,0.014330652906211307,0.015594541910331383,0.0012638890041200765,0.6483750591135998,176023.75,0.0,0.6483750591135998,0.6483750591135998,0.0,"2123735//3275473"
2018,"PA",3956457,17,98264190,513,0.04026346729159422,0.03313840155945419,-0.007125065732140029,-3.6551587205878358,232732.76470588235,0.0,-3.6551587205878358,-3.6551587205878358,0.0,"-119723737//32754730"
2018,"PB",1989377,12,98264190,513,0.02024518799778434,0.023391812865497075,0.0031466248677127356,1.6142185571366334,165781.41666666666,0.0,1.6142185571366334,1.6142185571366334,0.0,"52873293//32754730"
2018,"PE",4331764,25,98264190,513,0.044082834245110045,0.04873294346978557,0.004650109224675528,2.3855060322585473,173270.56,0.0,2.3855060322585473,2.3855060322585473,0.0,"39068303//16377365"
2018,"PI",1787802,10,98264190,513,0.01819383032618495,0.01949317738791423,0.0012993470617292772,0.6665650426671201,178780.2,0.0,0.6665650426671201,0.6665650426671201,0.0,"10916579//16377365"
2018,"PR",5709044,30,98264190,513,0.058098926984489464,0.05847953216374269,0.0003806051792532225,0.19525045695690363,190301.46666666667,0.0,0.19525045695690363,0.19525045695690363,0.0,"3197688//16377365"
2018,"RJ",7733626,46,98264190,513,0.07870238384909091,0.08966861598440545,0.010966232135314544,5.625677085416366,168122.30434782608,0.0,5.625677085416366,5.625677085416366,0.0,"92133767//16377365"
2018,"RN",1618823,8,98264190,513,0.016474190648699184,0.015594541910331383,-0.0008796487383678012,-0.4512598027826821,202352.875,0.0,-0.4512598027826821,-0.4512598027826821,0.0,"-14780893//32754730"
2018,"RO",783305,8,98264190,513,0.007971418682635047,0.015594541910331383,0.0076231232276963365,3.9106622158082205,97913.125,0.0,3.9106622158082205,3.9106622158082205,0.0,"25618537//6550946"
2018,"RR",270708,8,98264190,513,0.0027548998266815204,0.015594541910331383,0.012839642083649863,6.58673638891238,33838.5,0.0,6.58673638891238,6.58673638891238,0.0,"107873386//16377365"
2018,"RS",5845077,31,98264190,513,0.05948328684132032,0.06042884990253411,0.0009455630612137875,0.48507385040267464,188550.87096774194,0.0,0.48507385040267464,0.48507385040267464,0.0,"15888463//32754730"
2018,"SC",3548458,16,98264190,513,0.03611140538582774,0.031189083820662766,-0.004922321565164971,-2.525150962929629,221778.625,0.0,-2.525150962929629,-2.525150962929629,0.0,"-41355319//16377365"
2018,"SE",953969,8,98264190,513,0.009708206010755291,0.015594541910331383,0.005886335899576092,3.0196903164825355,119246.125,0.0,3.0196903164825355,3.0196903164825355,0.0,"98909141//32754730"
2018,"SP",21131103,70,98264190,513,0.21504378146301312,0.1364522417153996,-0.07859153974761351,-40.31745989052573,301872.9,0.0,-40.31745989052573,-40.31745989052573,0.0,"-1320587513//32754730"
2018,"TO",715942,8,98264190,513,0.007285889193204564,0.015594541910331383,0.00830865271712682,4.2623388438860585,89492.75,0.0,4.2623388438860585,4.2623388438860585,0.0,"69805879//16377365"
2022,"AC",434253,8,109413508,513,0.003968915794199743,0.015594541910331383,0.011625626116131639,5.963946197575532,54281.625,0.0,5.963946197575532,5.963946197575532,0.0,"652536275//109413508"
2022,"AL",1650763,9,109413508,513,0.01508737842497473,0.017543859649122806,0.0024564812241480768,1.2601748679879636,183418.11111111112,0.0,1.2601748679879636,1.2601748679879636,0.0,"137880153//109413508"
2022,"AM",1976477,8,109413508,513,0.01806428690687808,0.015594541910331383,-0.0024697449965466953,-1.2669791832284547,247059.625,0.0,-1.2669791832284547,-1.2669791832284547,0.0,"-138624637//109413508"
2022,"AP",423017,8,109413508,513,0.003866222806785429,0.015594541910331383,0.011728319103545954,6.016627700119074,52877.125,0.0,6.016627700119074,6.016627700119074,0.0,"658300343//109413508"
2022,"BA",7958431,39,109413508,513,0.07273718890358584,0.07602339181286549,0.0032862029092796535,1.6858220924604665,204062.33333333334,0.0,1.6858220924604665,1.6858220924604665,0.0,"184451709//109413508"
2022,"CE",5083860,22,109413508,513,0.04646464676006915,0.042884990253411304,-0.003579656506657848,-1.836363787915474,231084.54545454544,0.0,-1.836363787915474,-1.836363787915474,0.0,"-50230751//27353377"
2022,"DF",1607519,8,109413508,513,0.01469214386216371,0.015594541910331383,0.0009023980481676734,0.46293019871001667,200939.875,0.0,0.46293019871001667,0.46293019871001667,0.0,"50650817//109413508"
2022,"ES",2084430,10,109413508,513,0.019050938390532183,0.01949317738791423,0.00044223899738204606,0.2268686056569907,208443.0,0.0,0.2268686056569907,0.2268686056569907,0.0,"12411245//54706754"
2022,"GO",3439644,17,109413508,513,0.03143710555373108,0.03313840155945419,0.0017012960057231075,0.8727648509359557,202332.0,0.0,0.8727648509359557,0.8727648509359557,0.0,"23873066//27353377"
2022,"MA",3707930,18,109413508,513,0.03388914282868986,0.03508771929824561,0.0011985764695557552,0.6148697288821048,205996.11111111112,0.0,0.6148697288821048,0.6148697288821048,0.0,"33637527//54706754"
2022,"MG",11181098,53,109413508,513,0.10219120293629558,0.10331384015594541,0.0011226372196498358,0.5759128936803671,210964.11320754717,0.0,0.5759128936803671,0.5759128936803671,0.0,"31506325//54706754"
2022,"MS",1374808,8,109413508,513,0.012565249256060777,0.015594541910331383,0.003029292654270606,1.5540271316408207,171851.0,0.0,1.5540271316408207,1.5540271316408207,0.0,"42507890//27353377"
2022,"MT",1730277,8,109413508,513,0.015814107705969905,0.015594541910331383,-0.00021956579563852177,-0.11263725316256197,216284.625,0.0,-0.11263725316256197,-0.11263725316256197,0.0,"-12324037//109413508"
2022,"PA",4521516,17,109413508,513,0.04132502542556263,0.03313840155945419,-0.008186623866108439,-4.199738043313628,265971.5294117647,0.0,-4.199738043313628,-4.199738043313628,0.0,"-114877018//27353377"
2022,"PB",2209355,12,109413508,513,0.02019270783274767,0.023391812865497075,0.0031991050327494046,1.6411408818004447,184112.91666666666,0.0,1.6411408818004447,1.6411408818004447,0.0,"179562981//109413508"
2022,"PE",4969863,25,109413508,513,0.04542275529635701,0.04873294346978557,0.003310188173428562,1.6981265329688542,198794.52,0.0,1.6981265329688542,1.6981265329688542,0.0,"185797981//109413508"
2022,"PI",1957483,10,109413508,513,0.01789068859760899,0.01949317738791423,0.0016024887903052405,0.8220767494265881,195748.3,0.0,0.8220767494265881,0.8220767494265881,0.0,"89946301//109413508"
2022,"PR",6038642,30,109413508,513,0.05519100987055456,0.05847953216374269,0.0032885222931881286,1.6870119364055123,201288.06666666668,0.0,1.6870119364055123,1.6870119364055123,0.0,"92290947//54706754"
2022,"RJ",8575988,46,109413508,513,0.07838143714394022,0.08966861598440545,0.011287178840465234,5.790322745158669,186434.52173913043,0.0,5.790322745158669,5.790322745158669,0.0,"158384881//27353377"
2022,"RN",1864825,8,109413508,513,0.017043827897374426,0.015594541910331383,-0.0014492859870430426,-0.7434837113530808,233103.125,0.0,-0.7434837113530808,-0.7434837113530808,0.0,"-81347161//109413508"
2022,"RO",869148,8,109413508,513,0.007943699236843772,0.015594541910331383,0.007650842673487611,3.9248822914991446,108643.5,0.0,3.9248822914991446,3.9248822914991446,0.0,"107358785//27353377"
2022,"RR",291714,8,109413508,513,0.0026661607449785817,0.015594541910331383,0.012928381165352802,6.632259537825988,36464.25,0.0,6.632259537825988,6.632259537825988,0.0,"362829391//54706754"
2022,"RS",6149822,31,109413508,513,0.056207154970298545,0.06042884990253411,0.004221694932235565,2.1657295002368446,198381.35483870967,0.0,2.1657295002368446,2.1657295002368446,0.0,"118480031//54706754"
2022,"SC",3969848,16,109413508,513,0.036282978880450484,0.031189083820662766,-0.0050938950597877175,-2.613168165671098,248115.5,0.0,-2.613168165671098,-2.613168165671098,0.0,"-71478974//27353377"
2022,"SE",1191617,8,109413508,513,0.01089094958914945,0.015594541910331383,0.004703592321181933,2.4129428607663326,148952.125,0.0,2.4129428607663326,2.4129428607663326,0.0,"264008543//109413508"
2022,"SP",23321040,70,109413508,513,0.21314589419799976,0.1364522417153996,-0.07669365248260016,-39.343843723573876,333157.71428571426,0.0,-39.343843723573876,-39.343843723573876,0.0,"-1076186990//27353377"
2022,"TO",830140,8,109413508,513,0.00758718018619785,0.015594541910331383,0.008007361724133532,4.107776564480503,103767.5,0.0,4.107776564480503,4.107776564480503,0.0,"112361561//27353377"
