period,start_date,end_date,minister,office,raw_party,canonical_party_at_date,source_url_or_page,notes
2015.1,2015-01-01,2016-03-23,Aloizio Mercadante,Casa Civil,PT,PT,https://pt.wikipedia.org/wiki/Lista_de_membros_do_gabinete_de_Dilma_Rousseff#Gabinete_de_ministros_do_segundo_mandato,
2015.1,2015-01-01,2016-03-23,Kátia Abreu,"Ministério da Agricultura, Pecuária e Abastecimento",MDB,MDB,https://pt.wikipedia.org/wiki/Lista_de_membros_do_gabinete_de_Dilma_Rousseff#Gabinete_de_ministros_do_segundo_mandato,
2015.1,2015-01-01,2016-03-23,Aldo Rebelo,"Ministério da Ciência, Tecnologia e Inovação",PCdoB,PCdoB,https://pt.wikipedia.org/wiki/Lista_de_membros_do_gabinete_de_Dilma_Rousseff#Gabinete_de_ministros_do_segundo_mandato,
2015.1,2015-01-01,2016-03-23,Juca Ferreira,Ministério da Cultura,PT,PT,https://pt.wikipedia.org/wiki/Lista_de_membros_do_gabinete_de_Dilma_Rousseff#Gabinete_de_ministros_do_segundo_mandato,
2015.1,2015-01-01,2016-03-23,Jaques Wagner,Ministério da Defesa,PT,PT,https://pt.wikipedia.org/wiki/Lista_de_membros_do_gabinete_de_Dilma_Rousseff#Gabinete_de_ministros_do_segundo_mandato,
2015.1,2015-01-01,2016-03-23,Cid Gomes,Ministério da Educação,PDT,PDT,https://pt.wikipedia.org/wiki/Lista_de_membros_do_gabinete_de_Dilma_Rousseff#Gabinete_de_ministros_do_segundo_mandato,
2015.1,2015-01-01,2016-03-23,Gilberto Occhi,Ministério da Integração Nacional,PP,PP,https://pt.wikipedia.org/wiki/Lista_de_membros_do_gabinete_de_Dilma_Rousseff#Gabinete_de_ministros_do_segundo_mandato,
2015.1,2015-01-01,2016-03-23,José Eduardo Cardozo,Ministério da Justiça,PT,PT,https://pt.wikipedia.org/wiki/Lista_de_membros_do_gabinete_de_Dilma_Rousseff#Gabinete_de_ministros_do_segundo_mandato,
2015.1,2015-01-01,2016-03-23,Helder Barbalho,Ministério da Pesca e Aquicultura,MDB,MDB,https://pt.wikipedia.org/wiki/Lista_de_membros_do_gabinete_de_Dilma_Rousseff#Gabinete_de_ministros_do_segundo_mandato,
2015.1,2015-01-01,2016-03-23,Carlos Eduardo Gabas,Ministério da Previdência Social,PT,PT,https://pt.wikipedia.org/wiki/Lista_de_membros_do_gabinete_de_Dilma_Rousseff#Gabinete_de_ministros_do_segundo_mandato,
2015.1,2015-01-01,2016-03-23,Arthur Chioro,Ministério da Saúde,PT,PT,https://pt.wikipedia.org/wiki/Lista_de_membros_do_gabinete_de_Dilma_Rousseff#Gabinete_de_ministros_do_segundo_mandato,
2015.1,2015-01-01,2016-03-23,Gilberto Kassab,Ministério das Cidades,PSD,PSD,https://pt.wikipedia.org/wiki/Lista_de_membros_do_gabinete_de_Dilma_Rousseff#Gabinete_de_ministros_do_segundo_mandato,
2015.1,2015-01-01,2016-03-23,Ricardo Berzoini,Ministério das Comunicações,PT,PT,https://pt.wikipedia.org/wiki/Lista_de_membros_do_gabinete_de_Dilma_Rousseff#Gabinete_de_ministros_do_segundo_mandato,
2015.1,2015-01-01,2016-03-23,Eduardo Braga,Ministério de Minas e Energia,MDB,MDB,https://pt.wikipedia.org/wiki/Lista_de_membros_do_gabinete_de_Dilma_Rousseff#Gabinete_de_ministros_do_segundo_mandato,
2015.1,2015-01-01,2016-03-23,Patrus Ananias,Ministério do Desenvolvimento Agrário,PT,PT,https://pt.wikipedia.org/wiki/Lista_de_membros_do_gabinete_de_Dilma_Rousseff#Gabinete_de_ministros_do_segundo_mandato,
2015.1,2015-01-01,2016-03-23,Tereza Campello,Ministério do Desenvolvimento Social e Combate à Fome,PT,PT,https://pt.wikipedia.org/wiki/Lista_de_membros_do_gabinete_de_Dilma_Rousseff#Gabinete_de_ministros_do_segundo_mandato,
2015.1,2015-01-01,2016-03-23,Armando Monteiro,"Ministério do Desenvolvimento, Indústria e Comércio Exterior",PTB,PTB,https://pt.wikipedia.org/wiki/Lista_de_membros_do_gabinete_de_Dilma_Rousseff#Gabinete_de_ministros_do_segundo_mandato,
2015.1,2015-01-01,2016-03-23,George Hilton,Ministério do Esporte,REPU,REPUBLICANOS,https://pt.wikipedia.org/wiki/Lista_de_membros_do_gabinete_de_Dilma_Rousseff#Gabinete_de_ministros_do_segundo_mandato,
2015.1,2015-01-01,2016-03-23,Manoel Dias,Ministério do Trabalho e Emprego,PDT,PDT,https://pt.wikipedia.org/wiki/Lista_de_membros_do_gabinete_de_Dilma_Rousseff#Gabinete_de_ministros_do_segundo_mandato,
2015.1,2015-01-01,2016-03-23,Antonio Carlos Rodrigues,Ministério dos Transportes,PL,PL,https://pt.wikipedia.org/wiki/Lista_de_membros_do_gabinete_de_Dilma_Rousseff#Gabinete_de_ministros_do_segundo_mandato,
2015.1,2015-01-01,2016-03-23,Edson Coelho Araújo,Secretaria Nacional dos Portos,MDB,MDB,https://pt.wikipedia.org/wiki/Lista_de_membros_do_gabinete_de_Dilma_Rousseff#Gabinete_de_ministros_do_segundo_mandato,
2015.1,2015-01-01,2016-03-23,Guilherme Afif Domingos,Secretaria da Micro e Pequena Empresa,PSD,PSD,https://pt.wikipedia.org/wiki/Lista_de_membros_do_gabinete_de_Dilma_Rousseff#Gabinete_de_ministros_do_segundo_mandato,
2015.1,2015-01-01,2016-03-23,Eliseu Padilha,Secretaria de Aviação Civil,MDB,MDB,https://pt.wikipedia.org/wiki/Lista_de_membros_do_gabinete_de_Dilma_Rousseff#Gabinete_de_ministros_do_segundo_mandato,
2015.1,2015-01-01,2016-03-23,Thomas Traumann,Secretaria de Comunicação Social,PSD,PSD,https://pt.wikipedia.org/wiki/Lista_de_membros_do_gabinete_de_Dilma_Rousseff#Gabinete_de_ministros_do_segundo_mandato,
2015.1,2015-01-01,2016-03-23,Ideli Salvatti,Secretaria de Direitos Humanos,PT,PT,https://pt.wikipedia.org/wiki/Lista_de_membros_do_gabinete_de_Dilma_Rousseff#Gabinete_de_ministros_do_segundo_mandato,
2015.1,2015-01-01,2016-03-23,Eleonora Menicucci,Secretaria de Políticas para as Mulheres,PT,PT,https://pt.wikipedia.org/wiki/Lista_de_membros_do_gabinete_de_Dilma_Rousseff#Gabinete_de_ministros_do_segundo_mandato,
2015.1,2015-01-01,2016-03-23,Pepe Vargas,Secretaria de Relações Institucionais,PT,PT,https://pt.wikipedia.org/wiki/Lista_de_membros_do_gabinete_de_Dilma_Rousseff#Gabinete_de_ministros_do_segundo_mandato,
2015.1,2015-01-01,2016-03-23,Miguel Rossetto,Secretaria-Geral da Presidência,PT,PT,https://pt.wikipedia.org/wiki/Lista_de_membros_do_gabinete_de_Dilma_Rousseff#Gabinete_de_ministros_do_segundo_mandato,
2016.1,2016-03-24,2016-04-13,Kátia Abreu,"Ministério da Agricultura, Pecuária e Abastecimento",MDB,MDB,https://pt.wikipedia.org/wiki/Lista_de_membros_do_gabinete_de_Dilma_Rousseff#Gabinete_de_ministros_do_segundo_mandato,
2016.1,2016-03-24,2016-04-13,Juca Ferreira,Ministério da Cultura,PT,PT,https://pt.wikipedia.org/wiki/Lista_de_membros_do_gabinete_de_Dilma_Rousseff#Gabinete_de_ministros_do_segundo_mandato,
2016.1,2016-03-24,2016-04-13,Gilberto Occhi,Ministério da Integração Nacional,PP,PP,https://pt.wikipedia.org/wiki/Lista_de_membros_do_gabinete_de_Dilma_Rousseff#Gabinete_de_ministros_do_segundo_mandato,
2016.1,2016-03-24,2016-04-13,Gilberto Kassab,Ministério das Cidades,PSD,PSD,https://pt.wikipedia.org/wiki/Lista_de_membros_do_gabinete_de_Dilma_Rousseff#Gabinete_de_ministros_do_segundo_mandato,
2016.1,2016-03-24,2016-04-13,Eduardo Braga,Ministério de Minas e Energia,MDB,MDB,https://pt.wikipedia.org/wiki/Lista_de_membros_do_gabinete_de_Dilma_Rousseff#Gabinete_de_ministros_do_segundo_mandato,
2016.1,2016-03-24,2016-04-13,Patrus Ananias,Ministério do Desenvolvimento Agrário,PT,PT,https://pt.wikipedia.org/wiki/Lista_de_membros_do_gabinete_de_Dilma_Rousseff#Gabinete_de_ministros_do_segundo_mandato,
2016.1,2016-03-24,2016-04-13,Tereza Campello,Ministério do Desenvolvimento Social e Combate à Fome,PT,PT,https://pt.wikipedia.org/wiki/Lista_de_membros_do_gabinete_de_Dilma_Rousseff#Gabinete_de_ministros_do_segundo_mandato,
2016.1,2016-03-24,2016-04-13,Armando Monteiro,"Ministério do Desenvolvimento, Indústria e Comércio Exterior",PTB,PTB,https://pt.wikipedia.org/wiki/Lista_de_membros_do_gabinete_de_Dilma_Rousseff#Gabinete_de_ministros_do_segundo_mandato,
2016.1,2016-03-24,2016-04-13,Antonio Carlos Rodrigues,Ministério dos Transportes,PL,PL,https://pt.wikipedia.org/wiki/Lista_de_membros_do_gabinete_de_Dilma_Rousseff#Gabinete_de_ministros_do_segundo_mandato,
2016.1,2016-03-24,2016-04-13,Edinho Silva,Secretaria de Comunicação Social,PT,PT,https://pt.wikipedia.org/wiki/Lista_de_membros_do_gabinete_de_Dilma_Rousseff#Gabinete_de_ministros_do_segundo_mandato,
2016.1,2016-03-24,2016-04-13,Henrique Eduardo Alves,Ministério do Turismo,MDB,MDB,https://pt.wikipedia.org/wiki/Lista_de_membros_do_gabinete_de_Dilma_Rousseff#Gabinete_de_ministros_do_segundo_mandato,
2016.1,2016-03-24,2016-04-13,Marcelo Castro,Ministério da Saúde,MDB,MDB,https://pt.wikipedia.org/wiki/Lista_de_membros_do_gabinete_de_Dilma_Rousseff#Gabinete_de_ministros_do_segundo_mandato,
2016.1,2016-03-24,2016-04-13,Celso Pansera,"Ministério da Ciência, Tecnologia e Inovação",MDB,MDB,https://pt.wikipedia.org/wiki/Lista_de_membros_do_gabinete_de_Dilma_Rousseff#Gabinete_de_ministros_do_segundo_mandato,
2016.1,2016-03-24,2016-04-13,Aldo Rebelo,Ministério da Defesa,PCdoB,PCdoB,https://pt.wikipedia.org/wiki/Lista_de_membros_do_gabinete_de_Dilma_Rousseff#Gabinete_de_ministros_do_segundo_mandato,
2016.1,2016-03-24,2016-04-13,Aloizio Mercadante,Ministério da Educação,PT,PT,https://pt.wikipedia.org/wiki/Lista_de_membros_do_gabinete_de_Dilma_Rousseff#Gabinete_de_ministros_do_segundo_mandato,
2016.1,2016-03-24,2016-04-13,André Figueiredo,Ministério das Comunicações,PDT,PDT,https://pt.wikipedia.org/wiki/Lista_de_membros_do_gabinete_de_Dilma_Rousseff#Gabinete_de_ministros_do_segundo_mandato,
2016.1,2016-03-24,2016-04-13,Miguel Rossetto,Ministério do Trabalho e Emprego,PT,PT,https://pt.wikipedia.org/wiki/Lista_de_membros_do_gabinete_de_Dilma_Rousseff#Gabinete_de_ministros_do_segundo_mandato,
2016.1,2016-03-24,2016-04-13,Helder Barbalho,Secretaria Nacional dos Portos,MDB,MDB,https://pt.wikipedia.org/wiki/Lista_de_membros_do_gabinete_de_Dilma_Rousseff#Gabinete_de_ministros_do_segundo_mandato,
2016.1,2016-03-24,2016-04-13,Ricardo Berzoini,Secretaria-Geral da Presidência,PT,PT,https://pt.wikipedia.org/wiki/Lista_de_membros_do_gabinete_de_Dilma_Rousseff#Gabinete_de_ministros_do_segundo_mandato,
2016.1,2016-03-24,2016-04-13,José Eduardo Cardozo,Advocacia-Geral da União,PT,PT,https://pt.wikipedia.org/wiki/Lista_de_membros_do_gabinete_de_Dilma_Rousseff#Gabinete_de_ministros_do_segundo_mandato,
2016.1,2016-03-24,2016-04-13,Mauro Lopes,Secretaria de Aviação Civil,MDB,MDB,https://pt.wikipedia.org/wiki/Lista_de_membros_do_gabinete_de_Dilma_Rousseff#Gabinete_de_ministros_do_segundo_mandato,
2016.2,2016-04-14,2016-04-15,Kátia Abreu,"Ministério da Agricultura, Pecuária e Abastecimento",MDB,MDB,https://pt.wikipedia.org/wiki/Lista_de_membros_do_gabinete_de_Dilma_Rousseff#Gabinete_de_ministros_do_segundo_mandato,
2016.2,2016-04-14,2016-04-15,Juca Ferreira,Ministério da Cultura,PT,PT,https://pt.wikipedia.org/wiki/Lista_de_membros_do_gabinete_de_Dilma_Rousseff#Gabinete_de_ministros_do_segundo_mandato,
2016.2,2016-04-14,2016-04-15,Gilberto Kassab,Ministério das Cidades,PSD,PSD,https://pt.wikipedia.org/wiki/Lista_de_membros_do_gabinete_de_Dilma_Rousseff#Gabinete_de_ministros_do_segundo_mandato,
2016.2,2016-04-14,2016-04-15,Eduardo Braga,Ministério de Minas e Energia,MDB,MDB,https://pt.wikipedia.org/wiki/Lista_de_membros_do_gabinete_de_Dilma_Rousseff#Gabinete_de_ministros_do_segundo_mandato,
2016.2,2016-04-14,2016-04-15,Patrus Ananias,Ministério do Desenvolvimento Agrário,PT,PT,https://pt.wikipedia.org/wiki/Lista_de_membros_do_gabinete_de_Dilma_Rousseff#Gabinete_de_ministros_do_segundo_mandato,
2016.2,2016-04-14,2016-04-15,Tereza Campello,Ministério do Desenvolvimento Social e Combate à Fome,PT,PT,https://pt.wikipedia.org/wiki/Lista_de_membros_do_gabinete_de_Dilma_Rousseff#Gabinete_de_ministros_do_segundo_mandato,
2016.2,2016-04-14,2016-04-15,Armando Monteiro,"Ministério do Desenvolvimento, Indústria e Comércio Exterior",PTB,PTB,https://pt.wikipedia.org/wiki/Lista_de_membros_do_gabinete_de_Dilma_Rousseff#Gabinete_de_ministros_do_segundo_mandato,
2016.2,2016-04-14,2016-04-15,Antonio Carlos Rodrigues,Ministério dos Transportes,PL,PL,https://pt.wikipedia.org/wiki/Lista_de_membros_do_gabinete_de_Dilma_Rousseff#Gabinete_de_ministros_do_segundo_mandato,
2016.2,2016-04-14,2016-04-15,Edinho Silva,Secretaria de Comunicação Social,PT,PT,https://pt.wikipedia.org/wiki/Lista_de_membros_do_gabinete_de_Dilma_Rousseff#Gabinete_de_ministros_do_segundo_mandato,
2016.2,2016-04-14,2016-04-15,Marcelo Castro,Ministério da Saúde,MDB,MDB,https://pt.wikipedia.org/wiki/Lista_de_membros_do_gabinete_de_Dilma_Rousseff#Gabinete_de_ministros_do_segundo_mandato,
2016.2,2016-04-14,2016-04-15,Celso Pansera,"Ministério da Ciência, Tecnologia e Inovação",MDB,MDB,https://pt.wikipedia.org/wiki/Lista_de_membros_do_gabinete_de_Dilma_Rousseff#Gabinete_de_ministros_do_segundo_mandato,
2016.2,2016-04-14,2016-04-15,Aldo Rebelo,Ministério da Defesa,PCdoB,PCdoB,https://pt.wikipedia.org/wiki/Lista_de_membros_do_gabinete_de_Dilma_Rousseff#Gabinete_de_ministros_do_segundo_mandato,
2016.2,2016-04-14,2016-04-15,Aloizio Mercadante,Ministério da Educação,PT,PT,https://pt.wikipedia.org/wiki/Lista_de_membros_do_gabinete_de_Dilma_Rousseff#Gabinete_de_ministros_do_segundo_mandato,
2016.2,2016-04-14,2016-04-15,André Figueiredo,Ministério das Comunicações,PDT,PDT,https://pt.wikipedia.org/wiki/Lista_de_membros_do_gabinete_de_Dilma_Rousseff#Gabinete_de_ministros_do_segundo_mandato,
2016.2,2016-04-14,2016-04-15,Miguel Rossetto,Ministério do Trabalho e Emprego,PT,PT,https://pt.wikipedia.org/wiki/Lista_de_membros_do_gabinete_de_Dilma_Rousseff#Gabinete_de_ministros_do_segundo_mandato,
2016.2,2016-04-14,2016-04-15,Helder Barbalho,Secretaria Nacional dos Portos,MDB,MDB,https://pt.wikipedia.org/wiki/Lista_de_membros_do_gabinete_de_Dilma_Rousseff#Gabinete_de_ministros_do_segundo_mandato,
2016.2,2016-04-14,2016-04-15,Ricardo Berzoini,Secretaria-Geral da Presidência,PT,PT,https://pt.wikipedia.org/wiki/Lista_de_membros_do_gabinete_de_Dilma_Rousseff#Gabinete_de_ministros_do_segundo_mandato,
2016.2,2016-04-14,2016-04-15,José Eduardo Cardozo,Advocacia-Geral da União,PT,PT,https://pt.wikipedia.org/wiki/Lista_de_membros_do_gabinete_de_Dilma_Rousseff#Gabinete_de_ministros_do_segundo_mandato,
2016.2,2016-04-14,2016-04-15,Mauro Lopes,Secretaria de Aviação Civil,MDB,MDB,https://pt.wikipedia.org/wiki/Lista_de_membros_do_gabinete_de_Dilma_Rousseff#Gabinete_de_ministros_do_segundo_mandato,
2016.2,2016-04-14,2016-04-15,Ricardo Leyser,Ministério do Esporte,PCdoB,PCdoB,https://pt.wikipedia.org/wiki/Lista_de_membros_do_gabinete_de_Dilma_Rousseff#Gabinete_de_ministros_do_segundo_mandato,
2016.3,2016-04-16,2016-05-11,Kátia Abreu,"Ministério da Agricultura, Pecuária e Abastecimento",MDB,MDB,https://pt.wikipedia.org/wiki/Lista_de_membros_do_gabinete_de_Dilma_Rousseff#Gabinete_de_ministros_do_segundo_mandato,
2016.3,2016-04-16,2016-05-11,Juca Ferreira,Ministério da Cultura,PT,PT,https://pt.wikipedia.org/wiki/Lista_de_membros_do_gabinete_de_Dilma_Rousseff#Gabinete_de_ministros_do_segundo_mandato,
2016.3,2016-04-16,2016-05-11,Eduardo Braga,Ministério de Minas e Energia,MDB,MDB,https://pt.wikipedia.org/wiki/Lista_de_membros_do_gabinete_de_Dilma_Rousseff#Gabinete_de_ministros_do_segundo_mandato,
2016.3,2016-04-16,2016-05-11,Tereza Campello,Ministério do Desenvolvimento Social e Combate à Fome,PT,PT,https://pt.wikipedia.org/wiki/Lista_de_membros_do_gabinete_de_Dilma_Rousseff#Gabinete_de_ministros_do_segundo_mandato,
2016.3,2016-04-16,2016-05-11,Armando Monteiro,"Ministério do Desenvolvimento, Indústria e Comércio Exterior",PTB,PTB,https://pt.wikipedia.org/wiki/Lista_de_membros_do_gabinete_de_Dilma_Rousseff#Gabinete_de_ministros_do_segundo_mandato,
2016.3,2016-04-16,2016-05-11,Antonio Carlos Rodrigues,Ministério dos Transportes,PL,PL,https://pt.wikipedia.org/wiki/Lista_de_membros_do_gabinete_de_Dilma_Rousseff#Gabinete_de_ministros_do_segundo_mandato,
2016.3,2016-04-16,2016-05-11,Edinho Silva,Secretaria de Comunicação Social,PT,PT,https://pt.wikipedia.org/wiki/Lista_de_membros_do_gabinete_de_Dilma_Rousseff#Gabinete_de_ministros_do_segundo_mandato,
2016.3,2016-04-16,2016-05-11,Marcelo Castro,Ministério da Saúde,MDB,MDB,https://pt.wikipedia.org/wiki/Lista_de_membros_do_gabinete_de_Dilma_Rousseff#Gabinete_de_ministros_do_segundo_mandato,
2016.3,2016-04-16,2016-05-11,Aldo Rebelo,Ministério da Defesa,PCdoB,PCdoB,https://pt.wikipedia.org/wiki/Lista_de_membros_do_gabinete_de_Dilma_Rousseff#Gabinete_de_ministros_do_segundo_mandato,
2016.3,2016-04-16,2016-05-11,Aloizio Mercadante,Ministério da Educação,PT,PT,https://pt.wikipedia.org/wiki/Lista_de_membros_do_gabinete_de_Dilma_Rousseff#Gabinete_de_ministros_do_segundo_mandato,
2016.3,2016-04-16,2016-05-11,André Figueiredo,Ministério das Comunicações,PDT,PDT,https://pt.wikipedia.org/wiki/Lista_de_membros_do_gabinete_de_Dilma_Rousseff#Gabinete_de_ministros_do_segundo_mandato,
2016.3,2016-04-16,2016-05-11,Miguel Rossetto,Ministério do Trabalho e Emprego,PT,PT,https://pt.wikipedia.org/wiki/Lista_de_membros_do_gabinete_de_Dilma_Rousseff#Gabinete_de_ministros_do_segundo_mandato,
2016.3,2016-04-16,2016-05-11,Helder Barbalho,Secretaria Nacional dos Portos,MDB,MDB,https://pt.wikipedia.org/wiki/Lista_de_membros_do_gabinete_de_Dilma_Rousseff#Gabinete_de_ministros_do_segundo_mandato,
2016.3,2016-04-16,2016-05-11,Ricardo Berzoini,Secretaria-Geral da Presidência,PT,PT,https://pt.wikipedia.org/wiki/Lista_de_membros_do_gabinete_de_Dilma_Rousseff#Gabinete_de_ministros_do_segundo_mandato,
2016.3,2016-04-16,2016-05-11,José Eduardo Cardozo,Advocacia-Geral da União,PT,PT,https://pt.wikipedia.org/wiki/Lista_de_membros_do_gabinete_de_Dilma_Rousseff#Gabinete_de_ministros_do_segundo_mandato,
2016.3,2016-04-16,2016-05-11,Mauro Lopes,Secretaria de Aviação Civil,MDB,MDB,https://pt.wikipedia.org/wiki/Lista_de_membros_do_gabinete_de_Dilma_Rousseff#Gabinete_de_ministros_do_segundo_mandato,
2016.3,2016-04-16,2016-05-11,Ricardo Leyser,Ministério do Esporte,PCdoB,PCdoB,https://pt.wikipedia.org/wiki/Lista_de_membros_do_gabinete_de_Dilma_Rousseff#Gabinete_de_ministros_do_segundo_mandato,
2016.4,2016-05-12,2017-12-27,Blairo Maggi,"Agricultura, Pecuária e Abastecimento",PP,PP,https://pt.wikipedia.org/wiki/Lista_de_membros_do_gabinete_de_Michel_Temer,
2016.4,2016-05-12,2017-12-27,Eliseu Padilha,Casa Civil,MDB,MDB,https://pt.wikipedia.org/wiki/Lista_de_membros_do_gabinete_de_Michel_Temer,
2016.4,2016-05-12,2017-12-27,Bruno Araújo,Cidades,PSDB,PSDB,https://pt.wikipedia.org/wiki/Lista_de_membros_do_gabinete_de_Michel_Temer,
2016.4,2016-05-12,2017-12-27,Gilberto Kassab,"Ciência, Tecnologia, Inovações e Comunicações",PSD,PSD,https://pt.wikipedia.org/wiki/Lista_de_membros_do_gabinete_de_Michel_Temer,
2016.4,2016-05-12,2017-12-27,Raul Jungmann,Defesa,PPS,PPS,https://pt.wikipedia.org/wiki/Lista_de_membros_do_gabinete_de_Michel_Temer,
2016.4,2016-05-12,2017-12-27,Osmar Terra,Desenvolvimento Social e Agrário,MDB,MDB,https://pt.wikipedia.org/wiki/Lista_de_membros_do_gabinete_de_Michel_Temer,
2016.4,2016-05-12,2017-12-27,Mendonça Filho,Educação,DEM,DEM,https://pt.wikipedia.org/wiki/Lista_de_membros_do_gabinete_de_Michel_Temer,
2016.4,2016-05-12,2017-12-27,Leonardo Picciani,Esporte,MDB,MDB,https://pt.wikipedia.org/wiki/Lista_de_membros_do_gabinete_de_Michel_Temer,
2016.4,2016-05-12,2017-12-27,Henrique Meirelles,Fazenda e Previdência Social,MDB,MDB,https://pt.wikipedia.org/wiki/Lista_de_membros_do_gabinete_de_Michel_Temer,
2016.4,2016-05-12,2017-12-27,Helder Barbalho,Integração Nacional,MDB,MDB,https://pt.wikipedia.org/wiki/Lista_de_membros_do_gabinete_de_Michel_Temer,
2016.4,2016-05-12,2017-12-27,Alexandre de Moraes,Justiça,PSDB,PSDB,https://pt.wikipedia.org/wiki/Lista_de_membros_do_gabinete_de_Michel_Temer,
2016.4,2016-05-12,2017-12-27,Sarney Filho,Meio Ambiente,PV,PV,https://pt.wikipedia.org/wiki/Lista_de_membros_do_gabinete_de_Michel_Temer,
2016.4,2016-05-12,2017-12-27,Fernando Bezerra Coelho Filho,Minas e Energia,PSB,PSB,https://pt.wikipedia.org/wiki/Lista_de_membros_do_gabinete_de_Michel_Temer,
2016.4,2016-05-12,2017-12-27,Romero Jucá,"Planejamento, Orçamento e Gestão",MDB,MDB,https://pt.wikipedia.org/wiki/Lista_de_membros_do_gabinete_de_Michel_Temer,
2016.4,2016-05-12,2017-12-27,José Serra,Relações Exteriores,PSDB,PSDB,https://pt.wikipedia.org/wiki/Lista_de_membros_do_gabinete_de_Michel_Temer,
2016.4,2016-05-12,2017-12-27,Ricardo Barros,Saúde,PP,PP,https://pt.wikipedia.org/wiki/Lista_de_membros_do_gabinete_de_Michel_Temer,
2016.4,2016-05-12,2017-12-27,Ronaldo Nogueira,Trabalho,PTB,PTB,https://pt.wikipedia.org/wiki/Lista_de_membros_do_gabinete_de_Michel_Temer,
2016.4,2016-05-12,2017-12-27,Maurício Quintella Lessa,"Transportes, Portos e Aviação Civil",PR,PR,https://pt.wikipedia.org/wiki/Lista_de_membros_do_gabinete_de_Michel_Temer,
2016.4,2016-05-12,2017-12-27,Henrique Eduardo Alves,Turismo,MDB,MDB,https://pt.wikipedia.org/wiki/Lista_de_membros_do_gabinete_de_Michel_Temer,
2017.1,2017-12-28,2018-04-06,Blairo Maggi,"Agricultura, Pecuária e Abastecimento",PP,PP,https://pt.wikipedia.org/wiki/Lista_de_membros_do_gabinete_de_Michel_Temer,
2017.1,2017-12-28,2018-04-06,Eliseu Padilha,Casa Civil,MDB,MDB,https://pt.wikipedia.org/wiki/Lista_de_membros_do_gabinete_de_Michel_Temer,
2017.1,2017-12-28,2018-04-06,Gilberto Kassab,"Ciência, Tecnologia, Inovações e Comunicações",PSD,PSD,https://pt.wikipedia.org/wiki/Lista_de_membros_do_gabinete_de_Michel_Temer,
2017.1,2017-12-28,2018-04-06,Raul Jungmann,Defesa,PPS,PPS,https://pt.wikipedia.org/wiki/Lista_de_membros_do_gabinete_de_Michel_Temer,
2017.1,2017-12-28,2018-04-06,Osmar Terra,Desenvolvimento Social e Agrário,MDB,MDB,https://pt.wikipedia.org/wiki/Lista_de_membros_do_gabinete_de_Michel_Temer,
2017.1,2017-12-28,2018-04-06,Mendonça Filho,Educação,DEM,DEM,https://pt.wikipedia.org/wiki/Lista_de_membros_do_gabinete_de_Michel_Temer,
2017.1,2017-12-28,2018-04-06,Leonardo Picciani,Esporte,MDB,MDB,https://pt.wikipedia.org/wiki/Lista_de_membros_do_gabinete_de_Michel_Temer,
2017.1,2017-12-28,2018-04-06,Henrique Meirelles,Fazenda e Previdência Social,MDB,MDB,https://pt.wikipedia.org/wiki/Lista_de_membros_do_gabinete_de_Michel_Temer,
2017.1,2017-12-28,2018-04-06,Helder Barbalho,Integração Nacional,MDB,MDB,https://pt.wikipedia.org/wiki/Lista_de_membros_do_gabinete_de_Michel_Temer,
2017.1,2017-12-28,2018-04-06,Sarney Filho,Meio Ambiente,PV,PV,https://pt.wikipedia.org/wiki/Lista_de_membros_do_gabinete_de_Michel_Temer,
2017.1,2017-12-28,2018-04-06,Fernando Bezerra Coelho Filho,Minas e Energia,PSB,PSB,https://pt.wikipedia.org/wiki/Lista_de_membros_do_gabinete_de_Michel_Temer,
2017.1,2017-12-28,2018-04-06,Ricardo Barros,Saúde,PP,PP,https://pt.wikipedia.org/wiki/Lista_de_membros_do_gabinete_de_Michel_Temer,
2017.1,2017-12-28,2018-04-06,Maurício Quintella Lessa,"Transportes, Portos e Aviação Civil",PR,PR,https://pt.wikipedia.org/wiki/Lista_de_membros_do_gabinete_de_Michel_Temer,
2017.1,2017-12-28,2018-04-06,Grace Mendonça,Advocacia-Geral da União,PSDB,PSDB,https://pt.wikipedia.org/wiki/Lista_de_membros_do_gabinete_de_Michel_Temer,
2017.1,2017-12-28,2018-04-06,Marx Beltrão,Turismo,MDB,MDB,https://pt.wikipedia.org/wiki/Lista_de_membros_do_gabinete_de_Michel_Temer,
2017.1,2017-12-28,2018-04-06,Luislinda Valois,Direitos Humanos,PSDB,PSDB,https://pt.wikipedia.org/wiki/Lista_de_membros_do_gabinete_de_Michel_Temer,
2017.1,2017-12-28,2018-04-06,Moreira Franco,Secretaria-Geral,MDB,MDB,https://pt.wikipedia.org/wiki/Lista_de_membros_do_gabinete_de_Michel_Temer,
2017.1,2017-12-28,2018-04-06,Aloysio Nunes,Relações Exteriores,PSDB,PSDB,https://pt.wikipedia.org/wiki/Lista_de_membros_do_gabinete_de_Michel_Temer,
2017.1,2017-12-28,2018-04-06,Alexandre Baldy,Cidades,PP,PP,https://pt.wikipedia.org/wiki/Lista_de_membros_do_gabinete_de_Michel_Temer,
2018.1,2018-04-07,2018-05-27,Blairo Maggi,"Agricultura, Pecuária e Abastecimento",PP,PP,https://pt.wikipedia.org/wiki/Lista_de_membros_do_gabinete_de_Michel_Temer,
2018.1,2018-04-07,2018-05-27,Eliseu Padilha,Casa Civil,MDB,MDB,https://pt.wikipedia.org/wiki/Lista_de_membros_do_gabinete_de_Michel_Temer,
2018.1,2018-04-07,2018-05-27,Gilberto Kassab,"Ciência, Tecnologia, Inovações e Comunicações",PSD,PSD,https://pt.wikipedia.org/wiki/Lista_de_membros_do_gabinete_de_Michel_Temer,
2018.1,2018-04-07,2018-05-27,Grace Mendonça,Advocacia-Geral da União,PSDB,PSDB,https://pt.wikipedia.org/wiki/Lista_de_membros_do_gabinete_de_Michel_Temer,
2018.1,2018-04-07,2018-05-27,Aloysio Nunes,Relações Exteriores,PSDB,PSDB,https://pt.wikipedia.org/wiki/Lista_de_membros_do_gabinete_de_Michel_Temer,
2018.1,2018-04-07,2018-05-27,Alexandre Baldy,Cidades,PP,PP,https://pt.wikipedia.org/wiki/Lista_de_membros_do_gabinete_de_Michel_Temer,
2018.1,2018-04-07,2018-05-27,Raul Jungmann,Segurança Pública,PPS,PPS,https://pt.wikipedia.org/wiki/Lista_de_membros_do_gabinete_de_Michel_Temer,
2018.1,2018-04-07,2018-05-27,Gilberto Occhi,Saúde,PP,PP,https://pt.wikipedia.org/wiki/Lista_de_membros_do_gabinete_de_Michel_Temer,
2018.1,2018-04-07,2018-05-27,Moreira Franco,Minas e Energia,MDB,MDB,https://pt.wikipedia.org/wiki/Lista_de_membros_do_gabinete_de_Michel_Temer,
2018.2,2018-05-28,2018-12-31,Blairo Maggi,"Agricultura, Pecuária e Abastecimento",PP,PP,https://pt.wikipedia.org/wiki/Lista_de_membros_do_gabinete_de_Michel_Temer,
2018.2,2018-05-28,2018-12-31,Eliseu Padilha,Casa Civil,MDB,MDB,https://pt.wikipedia.org/wiki/Lista_de_membros_do_gabinete_de_Michel_Temer,
2018.2,2018-05-28,2018-12-31,Gilberto Kassab,"Ciência, Tecnologia, Inovações e Comunicações",PSD,PSD,https://pt.wikipedia.org/wiki/Lista_de_membros_do_gabinete_de_Michel_Temer,
2018.2,2018-05-28,2018-12-31,Grace Mendonça,Advocacia-Geral da União,PSDB,PSDB,https://pt.wikipedia.org/wiki/Lista_de_membros_do_gabinete_de_Michel_Temer,
2018.2,2018-05-28,2018-12-31,Aloysio Nunes,Relações Exteriores,PSDB,PSDB,https://pt.wikipedia.org/wiki/Lista_de_membros_do_gabinete_de_Michel_Temer,
2018.2,2018-05-28,2018-12-31,Alexandre Baldy,Cidades,PP,PP,https://pt.wikipedia.org/wiki/Lista_de_membros_do_gabinete_de_Michel_Temer,
2018.2,2018-05-28,2018-12-31,Raul Jungmann,Segurança Pública,PPS,PPS,https://pt.wikipedia.org/wiki/Lista_de_membros_do_gabinete_de_Michel_Temer,
2018.2,2018-05-28,2018-12-31,Gilberto Occhi,Saúde,PP,PP,https://pt.wikipedia.org/wiki/Lista_de_membros_do_gabinete_de_Michel_Temer,
2018.2,2018-05-28,2018-12-31,Moreira Franco,Minas e Energia,MDB,MDB,https://pt.wikipedia.org/wiki/Lista_de_membros_do_gabinete_de_Michel_Temer,
2018.2,2018-05-28,2018-12-31,Ronaldo Fonseca,Secretaria-Geral,PODE,PODE,https://pt.wikipedia.org/wiki/Lista_de_membros_do_gabinete_de_Michel_Temer,
2019.1,2019-01-01,2020-02-10,Onyx Lorenzoni,Casa Civil,DEM,DEM,https://pt.wikipedia.org/wiki/Lista_de_membros_do_gabinete_de_Jair_Bolsonaro#Gabinete_de_ministros,
2019.1,2019-01-01,2020-02-10,Augusto Heleno,Gabinete de Segurança Institucional,Patriota,PATRIOTA,https://pt.wikipedia.org/wiki/Lista_de_membros_do_gabinete_de_Jair_Bolsonaro#Gabinete_de_ministros,
2019.1,2019-01-01,2020-02-10,Tereza Cristina,"Ministério da Agricultura, Pecuária e Abastecimento",DEM / UNIÃO / PP,DEM,https://pt.wikipedia.org/wiki/Lista_de_membros_do_gabinete_de_Jair_Bolsonaro#Gabinete_de_ministros,"Resolved to DEM from processing/Processing/data/raw/electionsBR/2018/candidate.csv, the latest pre-posse election record in the repo. | periodization_party=DEM"
2019.1,2019-01-01,2020-02-10,Osmar Terra,Ministério da Cidadania,MDB,MDB,https://pt.wikipedia.org/wiki/Lista_de_membros_do_gabinete_de_Jair_Bolsonaro#Gabinete_de_ministros,
2019.1,2019-01-01,2020-02-10,Marcos Pontes,"Ministério da Ciência, Tecnologia e Inovações",PL,PL,https://pt.wikipedia.org/wiki/Lista_de_membros_do_gabinete_de_Jair_Bolsonaro#Gabinete_de_ministros,
2019.1,2019-01-01,2020-02-10,Tarcísio de Freitas,Ministério da Infraestrutura,Republicanos,REPUBLICANOS,https://pt.wikipedia.org/wiki/Lista_de_membros_do_gabinete_de_Jair_Bolsonaro#Gabinete_de_ministros,
2019.1,2019-01-01,2020-02-10,Luiz Henrique Mandetta,Ministério da Saúde,DEM,DEM,https://pt.wikipedia.org/wiki/Lista_de_membros_do_gabinete_de_Jair_Bolsonaro#Gabinete_de_ministros,
2019.1,2019-01-01,2020-02-10,Ricardo Salles,Ministério do Meio Ambiente,NOVO,NOVO,https://pt.wikipedia.org/wiki/Lista_de_membros_do_gabinete_de_Jair_Bolsonaro#Gabinete_de_ministros,
2019.1,2019-01-01,2020-02-10,Marcelo Álvaro Antônio,Ministério do Turismo,PSL,PSL,https://pt.wikipedia.org/wiki/Lista_de_membros_do_gabinete_de_Jair_Bolsonaro#Gabinete_de_ministros,
2019.1,2019-01-01,2020-02-10,Gustavo Bebianno,Secretaria-Geral da Presidência da República,PSL,PSL,https://pt.wikipedia.org/wiki/Lista_de_membros_do_gabinete_de_Jair_Bolsonaro#Gabinete_de_ministros,
2020.1,2020-02-11,2020-02-14,Onyx Lorenzoni,Casa Civil,DEM,DEM,https://pt.wikipedia.org/wiki/Lista_de_membros_do_gabinete_de_Jair_Bolsonaro#Gabinete_de_ministros,
2020.1,2020-02-11,2020-02-14,Augusto Heleno,Gabinete de Segurança Institucional,Patriota,PATRIOTA,https://pt.wikipedia.org/wiki/Lista_de_membros_do_gabinete_de_Jair_Bolsonaro#Gabinete_de_ministros,
2020.1,2020-02-11,2020-02-14,Tereza Cristina,"Ministério da Agricultura, Pecuária e Abastecimento",DEM / UNIÃO / PP,DEM,https://pt.wikipedia.org/wiki/Lista_de_membros_do_gabinete_de_Jair_Bolsonaro#Gabinete_de_ministros,"Resolved to DEM from processing/Processing/data/raw/electionsBR/2018/candidate.csv, the latest pre-posse election record in the repo. | periodization_party=DEM"
2020.1,2020-02-11,2020-02-14,Osmar Terra,Ministério da Cidadania,MDB,MDB,https://pt.wikipedia.org/wiki/Lista_de_membros_do_gabinete_de_Jair_Bolsonaro#Gabinete_de_ministros,
2020.1,2020-02-11,2020-02-14,Marcos Pontes,"Ministério da Ciência, Tecnologia e Inovações",PL,PL,https://pt.wikipedia.org/wiki/Lista_de_membros_do_gabinete_de_Jair_Bolsonaro#Gabinete_de_ministros,
2020.1,2020-02-11,2020-02-14,Tarcísio de Freitas,Ministério da Infraestrutura,Republicanos,REPUBLICANOS,https://pt.wikipedia.org/wiki/Lista_de_membros_do_gabinete_de_Jair_Bolsonaro#Gabinete_de_ministros,
2020.1,2020-02-11,2020-02-14,Luiz Henrique Mandetta,Ministério da Saúde,DEM,DEM,https://pt.wikipedia.org/wiki/Lista_de_membros_do_gabinete_de_Jair_Bolsonaro#Gabinete_de_ministros,
2020.1,2020-02-11,2020-02-14,Ricardo Salles,Ministério do Meio Ambiente,NOVO,NOVO,https://pt.wikipedia.org/wiki/Lista_de_membros_do_gabinete_de_Jair_Bolsonaro#Gabinete_de_ministros,
2020.1,2020-02-11,2020-02-14,Marcelo Álvaro Antônio,Ministério do Turismo,PSL,PSL,https://pt.wikipedia.org/wiki/Lista_de_membros_do_gabinete_de_Jair_Bolsonaro#Gabinete_de_ministros,
2020.1,2020-02-11,2020-02-14,Rogério Marinho,Ministério do Desenvolvimento Regional,PSDB / PL,PSDB,https://pt.wikipedia.org/wiki/Lista_de_membros_do_gabinete_de_Jair_Bolsonaro#Gabinete_de_ministros,"Resolved to PSDB from processing/Processing/data/raw/electionsBR/2018/candidate.csv, the latest pre-posse election record in the repo. | periodization_party=PSDB"
2020.2,2020-02-15,2020-06-16,Augusto Heleno,Gabinete de Segurança Institucional,Patriota,PATRIOTA,https://pt.wikipedia.org/wiki/Lista_de_membros_do_gabinete_de_Jair_Bolsonaro#Gabinete_de_ministros,
2020.2,2020-02-15,2020-06-16,Tereza Cristina,"Ministério da Agricultura, Pecuária e Abastecimento",DEM / UNIÃO / PP,DEM,https://pt.wikipedia.org/wiki/Lista_de_membros_do_gabinete_de_Jair_Bolsonaro#Gabinete_de_ministros,"Resolved to DEM from processing/Processing/data/raw/electionsBR/2018/candidate.csv, the latest pre-posse election record in the repo. | periodization_party=DEM"
2020.2,2020-02-15,2020-06-16,Marcos Pontes,"Ministério da Ciência, Tecnologia e Inovações",PL,PL,https://pt.wikipedia.org/wiki/Lista_de_membros_do_gabinete_de_Jair_Bolsonaro#Gabinete_de_ministros,
2020.2,2020-02-15,2020-06-16,Tarcísio de Freitas,Ministério da Infraestrutura,Republicanos,REPUBLICANOS,https://pt.wikipedia.org/wiki/Lista_de_membros_do_gabinete_de_Jair_Bolsonaro#Gabinete_de_ministros,
2020.2,2020-02-15,2020-06-16,Luiz Henrique Mandetta,Ministério da Saúde,DEM,DEM,https://pt.wikipedia.org/wiki/Lista_de_membros_do_gabinete_de_Jair_Bolsonaro#Gabinete_de_ministros,
2020.2,2020-02-15,2020-06-16,Ricardo Salles,Ministério do Meio Ambiente,NOVO,NOVO,https://pt.wikipedia.org/wiki/Lista_de_membros_do_gabinete_de_Jair_Bolsonaro#Gabinete_de_ministros,
2020.2,2020-02-15,2020-06-16,Marcelo Álvaro Antônio,Ministério do Turismo,PSL,PSL,https://pt.wikipedia.org/wiki/Lista_de_membros_do_gabinete_de_Jair_Bolsonaro#Gabinete_de_ministros,
2020.2,2020-02-15,2020-06-16,Rogério Marinho,Ministério do Desenvolvimento Regional,PSDB / PL,PSDB,https://pt.wikipedia.org/wiki/Lista_de_membros_do_gabinete_de_Jair_Bolsonaro#Gabinete_de_ministros,"Resolved to PSDB from processing/Processing/data/raw/electionsBR/2018/candidate.csv, the latest pre-posse election record in the repo. | periodization_party=PSDB"
2020.3,2020-06-17,2020-12-09,Augusto Heleno,Gabinete de Segurança Institucional,Patriota,PATRIOTA,https://pt.wikipedia.org/wiki/Lista_de_membros_do_gabinete_de_Jair_Bolsonaro#Gabinete_de_ministros,
2020.3,2020-06-17,2020-12-09,Tereza Cristina,"Ministério da Agricultura, Pecuária e Abastecimento",DEM / UNIÃO / PP,DEM,https://pt.wikipedia.org/wiki/Lista_de_membros_do_gabinete_de_Jair_Bolsonaro#Gabinete_de_ministros,"Resolved to DEM from processing/Processing/data/raw/electionsBR/2018/candidate.csv, the latest pre-posse election record in the repo. | periodization_party=DEM"
2020.3,2020-06-17,2020-12-09,Marcos Pontes,"Ministério da Ciência, Tecnologia e Inovações",PL,PL,https://pt.wikipedia.org/wiki/Lista_de_membros_do_gabinete_de_Jair_Bolsonaro#Gabinete_de_ministros,
2020.3,2020-06-17,2020-12-09,Tarcísio de Freitas,Ministério da Infraestrutura,Republicanos,REPUBLICANOS,https://pt.wikipedia.org/wiki/Lista_de_membros_do_gabinete_de_Jair_Bolsonaro#Gabinete_de_ministros,
2020.3,2020-06-17,2020-12-09,Ricardo Salles,Ministério do Meio Ambiente,NOVO,NOVO,https://pt.wikipedia.org/wiki/Lista_de_membros_do_gabinete_de_Jair_Bolsonaro#Gabinete_de_ministros,
2020.3,2020-06-17,2020-12-09,Marcelo Álvaro Antônio,Ministério do Turismo,PSL,PSL,https://pt.wikipedia.org/wiki/Lista_de_membros_do_gabinete_de_Jair_Bolsonaro#Gabinete_de_ministros,
2020.3,2020-06-17,2020-12-09,Rogério Marinho,Ministério do Desenvolvimento Regional,PSDB / PL,PSDB,https://pt.wikipedia.org/wiki/Lista_de_membros_do_gabinete_de_Jair_Bolsonaro#Gabinete_de_ministros,"Resolved to PSDB from processing/Processing/data/raw/electionsBR/2018/candidate.csv, the latest pre-posse election record in the repo. | periodization_party=PSDB"
2020.3,2020-06-17,2020-12-09,Onyx Lorenzoni,Ministério da Cidadania,DEM,DEM,https://pt.wikipedia.org/wiki/Lista_de_membros_do_gabinete_de_Jair_Bolsonaro#Gabinete_de_ministros,
2020.3,2020-06-17,2020-12-09,Fábio Faria,Ministério das Comunicações,PSD / PP,PSD,https://pt.wikipedia.org/wiki/Lista_de_membros_do_gabinete_de_Jair_Bolsonaro#Gabinete_de_ministros,"Resolved to PSD from processing/Processing/data/raw/electionsBR/2018/candidate.csv, the latest pre-posse election record in the repo. | periodization_party=PSD"
2020.4,2020-12-10,2021-03-28,Augusto Heleno,Gabinete de Segurança Institucional,Patriota,PATRIOTA,https://pt.wikipedia.org/wiki/Lista_de_membros_do_gabinete_de_Jair_Bolsonaro#Gabinete_de_ministros,
2020.4,2020-12-10,2021-03-28,Tereza Cristina,"Ministério da Agricultura, Pecuária e Abastecimento",DEM / UNIÃO / PP,DEM,https://pt.wikipedia.org/wiki/Lista_de_membros_do_gabinete_de_Jair_Bolsonaro#Gabinete_de_ministros,"Resolved to DEM from processing/Processing/data/raw/electionsBR/2018/candidate.csv, the latest pre-posse election record in the repo. | periodization_party=DEM"
2020.4,2020-12-10,2021-03-28,Marcos Pontes,"Ministério da Ciência, Tecnologia e Inovações",PL,PL,https://pt.wikipedia.org/wiki/Lista_de_membros_do_gabinete_de_Jair_Bolsonaro#Gabinete_de_ministros,
2020.4,2020-12-10,2021-03-28,Tarcísio de Freitas,Ministério da Infraestrutura,Republicanos,REPUBLICANOS,https://pt.wikipedia.org/wiki/Lista_de_membros_do_gabinete_de_Jair_Bolsonaro#Gabinete_de_ministros,
2020.4,2020-12-10,2021-03-28,Ricardo Salles,Ministério do Meio Ambiente,NOVO,NOVO,https://pt.wikipedia.org/wiki/Lista_de_membros_do_gabinete_de_Jair_Bolsonaro#Gabinete_de_ministros,
2020.4,2020-12-10,2021-03-28,Rogério Marinho,Ministério do Desenvolvimento Regional,PSDB / PL,PSDB,https://pt.wikipedia.org/wiki/Lista_de_membros_do_gabinete_de_Jair_Bolsonaro#Gabinete_de_ministros,"Resolved to PSDB from processing/Processing/data/raw/electionsBR/2018/candidate.csv, the latest pre-posse election record in the repo. | periodization_party=PSDB"
2020.4,2020-12-10,2021-03-28,Onyx Lorenzoni,Ministério da Cidadania,DEM,DEM,https://pt.wikipedia.org/wiki/Lista_de_membros_do_gabinete_de_Jair_Bolsonaro#Gabinete_de_ministros,
2020.4,2020-12-10,2021-03-28,Fábio Faria,Ministério das Comunicações,PSD / PP,PSD,https://pt.wikipedia.org/wiki/Lista_de_membros_do_gabinete_de_Jair_Bolsonaro#Gabinete_de_ministros,"Resolved to PSD from processing/Processing/data/raw/electionsBR/2018/candidate.csv, the latest pre-posse election record in the repo. | periodization_party=PSD"
2021.1,2021-03-29,2021-06-23,Augusto Heleno,Gabinete de Segurança Institucional,Patriota,PATRIOTA,https://pt.wikipedia.org/wiki/Lista_de_membros_do_gabinete_de_Jair_Bolsonaro#Gabinete_de_ministros,
2021.1,2021-03-29,2021-06-23,Tereza Cristina,"Ministério da Agricultura, Pecuária e Abastecimento",DEM / UNIÃO / PP,DEM,https://pt.wikipedia.org/wiki/Lista_de_membros_do_gabinete_de_Jair_Bolsonaro#Gabinete_de_ministros,"Resolved to DEM from processing/Processing/data/raw/electionsBR/2018/candidate.csv, the latest pre-posse election record in the repo. | periodization_party=DEM"
2021.1,2021-03-29,2021-06-23,Marcos Pontes,"Ministério da Ciência, Tecnologia e Inovações",PL,PL,https://pt.wikipedia.org/wiki/Lista_de_membros_do_gabinete_de_Jair_Bolsonaro#Gabinete_de_ministros,
2021.1,2021-03-29,2021-06-23,Tarcísio de Freitas,Ministério da Infraestrutura,Republicanos,REPUBLICANOS,https://pt.wikipedia.org/wiki/Lista_de_membros_do_gabinete_de_Jair_Bolsonaro#Gabinete_de_ministros,
2021.1,2021-03-29,2021-06-23,Ricardo Salles,Ministério do Meio Ambiente,NOVO,NOVO,https://pt.wikipedia.org/wiki/Lista_de_membros_do_gabinete_de_Jair_Bolsonaro#Gabinete_de_ministros,
2021.1,2021-03-29,2021-06-23,Rogério Marinho,Ministério do Desenvolvimento Regional,PSDB / PL,PSDB,https://pt.wikipedia.org/wiki/Lista_de_membros_do_gabinete_de_Jair_Bolsonaro#Gabinete_de_ministros,"Resolved to PSDB from processing/Processing/data/raw/electionsBR/2018/candidate.csv, the latest pre-posse election record in the repo. | periodization_party=PSDB"
2021.1,2021-03-29,2021-06-23,Fábio Faria,Ministério das Comunicações,PSD / PP,PSD,https://pt.wikipedia.org/wiki/Lista_de_membros_do_gabinete_de_Jair_Bolsonaro#Gabinete_de_ministros,"Resolved to PSD from processing/Processing/data/raw/electionsBR/2018/candidate.csv, the latest pre-posse election record in the repo. | periodization_party=PSD"
2021.1,2021-03-29,2021-06-23,João Roma,Ministério da Cidadania,REP / PL,REPUBLICANOS,https://pt.wikipedia.org/wiki/Lista_de_membros_do_gabinete_de_Jair_Bolsonaro#Gabinete_de_ministros,"Resolved to Republicanos from processing/Processing/data/raw/electionsBR/2018/candidate.csv, where João Inácio Ribeiro Roma Neto appears under PRB, the pre-2019 party code that canonicalizes to Republicanos. | periodization_party=Republicanos"
2021.1,2021-03-29,2021-06-23,Onyx Lorenzoni,Secretaria-Geral da Presidência da República,DEM,DEM,https://pt.wikipedia.org/wiki/Lista_de_membros_do_gabinete_de_Jair_Bolsonaro#Gabinete_de_ministros,
2021.1,2021-03-29,2021-06-23,Flávia Arruda,Secretaria de Governo,PL,PL,https://pt.wikipedia.org/wiki/Lista_de_membros_do_gabinete_de_Jair_Bolsonaro#Gabinete_de_ministros,
2021.1,2021-03-29,2021-06-23,Walter Braga Netto,Ministério da Defesa,PL,PL,https://pt.wikipedia.org/wiki/Lista_de_membros_do_gabinete_de_Jair_Bolsonaro#Gabinete_de_ministros,
2021.1,2021-03-29,2021-06-23,Anderson Torres,Ministério da Justiça e Segurança Pública,PSL / UNIÃO,PSL,https://pt.wikipedia.org/wiki/Lista_de_membros_do_gabinete_de_Jair_Bolsonaro#Gabinete_de_ministros,"Resolved to PSL because the alternative token UNIÃO is only valid from 2022 onward in processing/Processing/data/party_aliases.csv, so it cannot be the 2021-03-29 start-date party. | periodization_party=PSL"
2021.2,2021-06-24,2021-08-03,Augusto Heleno,Gabinete de Segurança Institucional,Patriota,PATRIOTA,https://pt.wikipedia.org/wiki/Lista_de_membros_do_gabinete_de_Jair_Bolsonaro#Gabinete_de_ministros,
2021.2,2021-06-24,2021-08-03,Tereza Cristina,"Ministério da Agricultura, Pecuária e Abastecimento",DEM / UNIÃO / PP,DEM,https://pt.wikipedia.org/wiki/Lista_de_membros_do_gabinete_de_Jair_Bolsonaro#Gabinete_de_ministros,"Resolved to DEM from processing/Processing/data/raw/electionsBR/2018/candidate.csv, the latest pre-posse election record in the repo. | periodization_party=DEM"
2021.2,2021-06-24,2021-08-03,Marcos Pontes,"Ministério da Ciência, Tecnologia e Inovações",PL,PL,https://pt.wikipedia.org/wiki/Lista_de_membros_do_gabinete_de_Jair_Bolsonaro#Gabinete_de_ministros,
2021.2,2021-06-24,2021-08-03,Tarcísio de Freitas,Ministério da Infraestrutura,Republicanos,REPUBLICANOS,https://pt.wikipedia.org/wiki/Lista_de_membros_do_gabinete_de_Jair_Bolsonaro#Gabinete_de_ministros,
2021.2,2021-06-24,2021-08-03,Rogério Marinho,Ministério do Desenvolvimento Regional,PSDB / PL,PSDB,https://pt.wikipedia.org/wiki/Lista_de_membros_do_gabinete_de_Jair_Bolsonaro#Gabinete_de_ministros,"Resolved to PSDB from processing/Processing/data/raw/electionsBR/2018/candidate.csv, the latest pre-posse election record in the repo. | periodization_party=PSDB"
2021.2,2021-06-24,2021-08-03,Fábio Faria,Ministério das Comunicações,PSD / PP,PSD,https://pt.wikipedia.org/wiki/Lista_de_membros_do_gabinete_de_Jair_Bolsonaro#Gabinete_de_ministros,"Resolved to PSD from processing/Processing/data/raw/electionsBR/2018/candidate.csv, the latest pre-posse election record in the repo. | periodization_party=PSD"
2021.2,2021-06-24,2021-08-03,João Roma,Ministério da Cidadania,REP / PL,REPUBLICANOS,https://pt.wikipedia.org/wiki/Lista_de_membros_do_gabinete_de_Jair_Bolsonaro#Gabinete_de_ministros,"Resolved to Republicanos from processing/Processing/data/raw/electionsBR/2018/candidate.csv, where João Inácio Ribeiro Roma Neto appears under PRB, the pre-2019 party code that canonicalizes to Republicanos. | periodization_party=Republicanos"
2021.2,2021-06-24,2021-08-03,Onyx Lorenzoni,Secretaria-Geral da Presidência da República,DEM,DEM,https://pt.wikipedia.org/wiki/Lista_de_membros_do_gabinete_de_Jair_Bolsonaro#Gabinete_de_ministros,
2021.2,2021-06-24,2021-08-03,Flávia Arruda,Secretaria de Governo,PL,PL,https://pt.wikipedia.org/wiki/Lista_de_membros_do_gabinete_de_Jair_Bolsonaro#Gabinete_de_ministros,
2021.2,2021-06-24,2021-08-03,Walter Braga Netto,Ministério da Defesa,PL,PL,https://pt.wikipedia.org/wiki/Lista_de_membros_do_gabinete_de_Jair_Bolsonaro#Gabinete_de_ministros,
2021.2,2021-06-24,2021-08-03,Anderson Torres,Ministério da Justiça e Segurança Pública,PSL / UNIÃO,PSL,https://pt.wikipedia.org/wiki/Lista_de_membros_do_gabinete_de_Jair_Bolsonaro#Gabinete_de_ministros,"Resolved to PSL because the alternative token UNIÃO is only valid from 2022 onward in processing/Processing/data/party_aliases.csv, so it cannot be the 2021-03-29 start-date party. | periodization_party=PSL"
2021.3,2021-08-04,2022-02-07,Augusto Heleno,Gabinete de Segurança Institucional,Patriota,PATRIOTA,https://pt.wikipedia.org/wiki/Lista_de_membros_do_gabinete_de_Jair_Bolsonaro#Gabinete_de_ministros,
2021.3,2021-08-04,2022-02-07,Tereza Cristina,"Ministério da Agricultura, Pecuária e Abastecimento",DEM / UNIÃO / PP,DEM,https://pt.wikipedia.org/wiki/Lista_de_membros_do_gabinete_de_Jair_Bolsonaro#Gabinete_de_ministros,"Resolved to DEM from processing/Processing/data/raw/electionsBR/2018/candidate.csv, the latest pre-posse election record in the repo. | periodization_party=DEM"
2021.3,2021-08-04,2022-02-07,Marcos Pontes,"Ministério da Ciência, Tecnologia e Inovações",PL,PL,https://pt.wikipedia.org/wiki/Lista_de_membros_do_gabinete_de_Jair_Bolsonaro#Gabinete_de_ministros,
2021.3,2021-08-04,2022-02-07,Tarcísio de Freitas,Ministério da Infraestrutura,Republicanos,REPUBLICANOS,https://pt.wikipedia.org/wiki/Lista_de_membros_do_gabinete_de_Jair_Bolsonaro#Gabinete_de_ministros,
2021.3,2021-08-04,2022-02-07,Rogério Marinho,Ministério do Desenvolvimento Regional,PSDB / PL,PSDB,https://pt.wikipedia.org/wiki/Lista_de_membros_do_gabinete_de_Jair_Bolsonaro#Gabinete_de_ministros,"Resolved to PSDB from processing/Processing/data/raw/electionsBR/2018/candidate.csv, the latest pre-posse election record in the repo. | periodization_party=PSDB"
2021.3,2021-08-04,2022-02-07,Fábio Faria,Ministério das Comunicações,PSD / PP,PSD,https://pt.wikipedia.org/wiki/Lista_de_membros_do_gabinete_de_Jair_Bolsonaro#Gabinete_de_ministros,"Resolved to PSD from processing/Processing/data/raw/electionsBR/2018/candidate.csv, the latest pre-posse election record in the repo. | periodization_party=PSD"
2021.3,2021-08-04,2022-02-07,João Roma,Ministério da Cidadania,REP / PL,REPUBLICANOS,https://pt.wikipedia.org/wiki/Lista_de_membros_do_gabinete_de_Jair_Bolsonaro#Gabinete_de_ministros,"Resolved to Republicanos from processing/Processing/data/raw/electionsBR/2018/candidate.csv, where João Inácio Ribeiro Roma Neto appears under PRB, the pre-2019 party code that canonicalizes to Republicanos. | periodization_party=Republicanos"
2021.3,2021-08-04,2022-02-07,Flávia Arruda,Secretaria de Governo,PL,PL,https://pt.wikipedia.org/wiki/Lista_de_membros_do_gabinete_de_Jair_Bolsonaro#Gabinete_de_ministros,
2021.3,2021-08-04,2022-02-07,Walter Braga Netto,Ministério da Defesa,PL,PL,https://pt.wikipedia.org/wiki/Lista_de_membros_do_gabinete_de_Jair_Bolsonaro#Gabinete_de_ministros,
2021.3,2021-08-04,2022-02-07,Anderson Torres,Ministério da Justiça e Segurança Pública,PSL / UNIÃO,PSL,https://pt.wikipedia.org/wiki/Lista_de_membros_do_gabinete_de_Jair_Bolsonaro#Gabinete_de_ministros,"Resolved to PSL because the alternative token UNIÃO is only valid from 2022 onward in processing/Processing/data/party_aliases.csv, so it cannot be the 2021-03-29 start-date party. | periodization_party=PSL"
2021.3,2021-08-04,2022-02-07,Ciro Nogueira,Casa Civil,PP,PP,https://pt.wikipedia.org/wiki/Lista_de_membros_do_gabinete_de_Jair_Bolsonaro#Gabinete_de_ministros,
2022.1,2022-02-08,2022-03-31,Augusto Heleno,Gabinete de Segurança Institucional,Patriota,PATRIOTA,https://pt.wikipedia.org/wiki/Lista_de_membros_do_gabinete_de_Jair_Bolsonaro#Gabinete_de_ministros,
2022.1,2022-02-08,2022-03-31,Tereza Cristina,"Ministério da Agricultura, Pecuária e Abastecimento",DEM / UNIÃO / PP,UNIÃO,https://pt.wikipedia.org/wiki/Lista_de_membros_do_gabinete_de_Jair_Bolsonaro#Gabinete_de_ministros,"Resolved to DEM from processing/Processing/data/raw/electionsBR/2018/candidate.csv, the latest pre-posse election record in the repo. | periodization_party=DEM"
2022.1,2022-02-08,2022-03-31,Marcos Pontes,"Ministério da Ciência, Tecnologia e Inovações",PL,PL,https://pt.wikipedia.org/wiki/Lista_de_membros_do_gabinete_de_Jair_Bolsonaro#Gabinete_de_ministros,
2022.1,2022-02-08,2022-03-31,Tarcísio de Freitas,Ministério da Infraestrutura,Republicanos,REPUBLICANOS,https://pt.wikipedia.org/wiki/Lista_de_membros_do_gabinete_de_Jair_Bolsonaro#Gabinete_de_ministros,
2022.1,2022-02-08,2022-03-31,Rogério Marinho,Ministério do Desenvolvimento Regional,PSDB / PL,PSDB,https://pt.wikipedia.org/wiki/Lista_de_membros_do_gabinete_de_Jair_Bolsonaro#Gabinete_de_ministros,"Resolved to PSDB from processing/Processing/data/raw/electionsBR/2018/candidate.csv, the latest pre-posse election record in the repo. | periodization_party=PSDB"
2022.1,2022-02-08,2022-03-31,Fábio Faria,Ministério das Comunicações,PSD / PP,PSD,https://pt.wikipedia.org/wiki/Lista_de_membros_do_gabinete_de_Jair_Bolsonaro#Gabinete_de_ministros,"Resolved to PSD from processing/Processing/data/raw/electionsBR/2018/candidate.csv, the latest pre-posse election record in the repo. | periodization_party=PSD"
2022.1,2022-02-08,2022-03-31,João Roma,Ministério da Cidadania,REP / PL,REPUBLICANOS,https://pt.wikipedia.org/wiki/Lista_de_membros_do_gabinete_de_Jair_Bolsonaro#Gabinete_de_ministros,"Resolved to Republicanos from processing/Processing/data/raw/electionsBR/2018/candidate.csv, where João Inácio Ribeiro Roma Neto appears under PRB, the pre-2019 party code that canonicalizes to Republicanos. | periodization_party=Republicanos"
2022.1,2022-02-08,2022-03-31,Flávia Arruda,Secretaria de Governo,PL,PL,https://pt.wikipedia.org/wiki/Lista_de_membros_do_gabinete_de_Jair_Bolsonaro#Gabinete_de_ministros,
2022.1,2022-02-08,2022-03-31,Walter Braga Netto,Ministério da Defesa,PL,PL,https://pt.wikipedia.org/wiki/Lista_de_membros_do_gabinete_de_Jair_Bolsonaro#Gabinete_de_ministros,
2022.1,2022-02-08,2022-03-31,Anderson Torres,Ministério da Justiça e Segurança Pública,PSL / UNIÃO,UNIÃO,https://pt.wikipedia.org/wiki/Lista_de_membros_do_gabinete_de_Jair_Bolsonaro#Gabinete_de_ministros,"Resolved to PSL because the alternative token UNIÃO is only valid from 2022 onward in processing/Processing/data/party_aliases.csv, so it cannot be the 2021-03-29 start-date party. | periodization_party=PSL"
2022.1,2022-02-08,2022-03-31,Ciro Nogueira,Casa Civil,PP,PP,https://pt.wikipedia.org/wiki/Lista_de_membros_do_gabinete_de_Jair_Bolsonaro#Gabinete_de_ministros,
2022.2,2022-04-01,2022-04-01,Augusto Heleno,Gabinete de Segurança Institucional,Patriota,PATRIOTA,https://pt.wikipedia.org/wiki/Lista_de_membros_do_gabinete_de_Jair_Bolsonaro#Gabinete_de_ministros,
2022.2,2022-04-01,2022-04-01,Fábio Faria,Ministério das Comunicações,PSD / PP,PSD,https://pt.wikipedia.org/wiki/Lista_de_membros_do_gabinete_de_Jair_Bolsonaro#Gabinete_de_ministros,"Resolved to PSD from processing/Processing/data/raw/electionsBR/2018/candidate.csv, the latest pre-posse election record in the repo. | periodization_party=PSD"
2022.2,2022-04-01,2022-04-01,Walter Braga Netto,Ministério da Defesa,PL,PL,https://pt.wikipedia.org/wiki/Lista_de_membros_do_gabinete_de_Jair_Bolsonaro#Gabinete_de_ministros,
2022.2,2022-04-01,2022-04-01,Anderson Torres,Ministério da Justiça e Segurança Pública,PSL / UNIÃO,UNIÃO,https://pt.wikipedia.org/wiki/Lista_de_membros_do_gabinete_de_Jair_Bolsonaro#Gabinete_de_ministros,"Resolved to PSL because the alternative token UNIÃO is only valid from 2022 onward in processing/Processing/data/party_aliases.csv, so it cannot be the 2021-03-29 start-date party. | periodization_party=PSL"
2022.2,2022-04-01,2022-04-01,Ciro Nogueira,Casa Civil,PP,PP,https://pt.wikipedia.org/wiki/Lista_de_membros_do_gabinete_de_Jair_Bolsonaro#Gabinete_de_ministros,
2022.2,2022-04-01,2022-04-01,Cristiane Britto,"Ministério da Mulher, da Família e dos Direitos Humanos",Republicanos,REPUBLICANOS,https://pt.wikipedia.org/wiki/Lista_de_membros_do_gabinete_de_Jair_Bolsonaro#Gabinete_de_ministros,
2022.2,2022-04-01,2022-04-01,Marcos Montes,"Ministério da Agricultura, Pecuária e Abastecimento",PSD,PSD,https://pt.wikipedia.org/wiki/Lista_de_membros_do_gabinete_de_Jair_Bolsonaro#Gabinete_de_ministros,
2022.3,2022-04-02,2022-12-31,Augusto Heleno,Gabinete de Segurança Institucional,Patriota,PATRIOTA,https://pt.wikipedia.org/wiki/Lista_de_membros_do_gabinete_de_Jair_Bolsonaro#Gabinete_de_ministros,
2022.3,2022-04-02,2022-12-31,Fábio Faria,Ministério das Comunicações,PSD / PP,PSD,https://pt.wikipedia.org/wiki/Lista_de_membros_do_gabinete_de_Jair_Bolsonaro#Gabinete_de_ministros,"Resolved to PSD from processing/Processing/data/raw/electionsBR/2018/candidate.csv, the latest pre-posse election record in the repo. | periodization_party=PSD"
2022.3,2022-04-02,2022-12-31,Anderson Torres,Ministério da Justiça e Segurança Pública,PSL / UNIÃO,UNIÃO,https://pt.wikipedia.org/wiki/Lista_de_membros_do_gabinete_de_Jair_Bolsonaro#Gabinete_de_ministros,"Resolved to PSL because the alternative token UNIÃO is only valid from 2022 onward in processing/Processing/data/party_aliases.csv, so it cannot be the 2021-03-29 start-date party. | periodization_party=PSL"
2022.3,2022-04-02,2022-12-31,Ciro Nogueira,Casa Civil,PP,PP,https://pt.wikipedia.org/wiki/Lista_de_membros_do_gabinete_de_Jair_Bolsonaro#Gabinete_de_ministros,
2022.3,2022-04-02,2022-12-31,Cristiane Britto,"Ministério da Mulher, da Família e dos Direitos Humanos",Republicanos,REPUBLICANOS,https://pt.wikipedia.org/wiki/Lista_de_membros_do_gabinete_de_Jair_Bolsonaro#Gabinete_de_ministros,
2022.3,2022-04-02,2022-12-31,Marcos Montes,"Ministério da Agricultura, Pecuária e Abastecimento",PSD,PSD,https://pt.wikipedia.org/wiki/Lista_de_membros_do_gabinete_de_Jair_Bolsonaro#Gabinete_de_ministros,
2023.1,2023-01-01,2023-09-12,Juscelino Filho,Comunicações,UNIÃO / MA,UNIÃO,https://pt.wikipedia.org/wiki/Lista_de_membros_do_gabinete_de_Lula_(2023%E2%80%93presente)#Lista_de_ministros,periodization_party=UNIÃO
2023.1,2023-01-01,2023-09-12,Fernando Haddad,Fazenda,PT / SP,PT,https://pt.wikipedia.org/wiki/Lista_de_membros_do_gabinete_de_Lula_(2023%E2%80%93presente)#Lista_de_ministros,periodization_party=PT
2023.1,2023-01-01,2023-09-12,Flávio Dino,Justiça e Segurança Pública,PSB / MA,PSB,https://pt.wikipedia.org/wiki/Lista_de_membros_do_gabinete_de_Lula_(2023%E2%80%93presente)#Lista_de_ministros,periodization_party=PSB
2023.1,2023-01-01,2023-09-12,Cida Gonçalves,Mulheres,PT / MS,PT,https://pt.wikipedia.org/wiki/Lista_de_membros_do_gabinete_de_Lula_(2023%E2%80%93presente)#Lista_de_ministros,periodization_party=PT
2023.1,2023-01-01,2023-09-12,Márcio França,Portos e Aeroportos,PSB / SP,PSB,https://pt.wikipedia.org/wiki/Lista_de_membros_do_gabinete_de_Lula_(2023%E2%80%93presente)#Lista_de_ministros,periodization_party=PSB
2023.1,2023-01-01,2023-09-12,Carlos Lupi,Previdência Social,PDT / RJ,PDT,https://pt.wikipedia.org/wiki/Lista_de_membros_do_gabinete_de_Lula_(2023%E2%80%93presente)#Lista_de_ministros,periodization_party=PDT
2023.1,2023-01-01,2023-09-12,Paulo Pimenta,Secretaria de Comunicação Social,PT / RS,PT,https://pt.wikipedia.org/wiki/Lista_de_membros_do_gabinete_de_Lula_(2023%E2%80%93presente)#Lista_de_ministros,periodization_party=PT
2023.1,2023-01-01,2023-09-12,Alexandre Padilha,Secretaria de Relações Institucionais,PT / SP,PT,https://pt.wikipedia.org/wiki/Lista_de_membros_do_gabinete_de_Lula_(2023%E2%80%93presente)#Lista_de_ministros,periodization_party=PT
2023.1,2023-01-01,2023-09-12,Márcio Macêdo,Secretaria-Geral da Presidência da República,PT / SE,PT,https://pt.wikipedia.org/wiki/Lista_de_membros_do_gabinete_de_Lula_(2023%E2%80%93presente)#Lista_de_ministros,periodization_party=PT
2023.1,2023-01-01,2023-09-12,Daniela Carneiro,Turismo,UNIÃO / RJ,UNIÃO,https://pt.wikipedia.org/wiki/Lista_de_membros_do_gabinete_de_Lula_(2023%E2%80%93presente)#Lista_de_ministros,periodization_party=UNIÃO
2023.2,2023-09-13,2025-12-23,Juscelino Filho,Comunicações,UNIÃO / MA,UNIÃO,https://pt.wikipedia.org/wiki/Lista_de_membros_do_gabinete_de_Lula_(2023%E2%80%93presente)#Lista_de_ministros,periodization_party=UNIÃO
2023.2,2023-09-13,2025-12-23,Fernando Haddad,Fazenda,PT / SP,PT,https://pt.wikipedia.org/wiki/Lista_de_membros_do_gabinete_de_Lula_(2023%E2%80%93presente)#Lista_de_ministros,periodization_party=PT
2023.2,2023-09-13,2025-12-23,Flávio Dino,Justiça e Segurança Pública,PSB / MA,PSB,https://pt.wikipedia.org/wiki/Lista_de_membros_do_gabinete_de_Lula_(2023%E2%80%93presente)#Lista_de_ministros,periodization_party=PSB
2023.2,2023-09-13,2025-12-23,Cida Gonçalves,Mulheres,PT / MS,PT,https://pt.wikipedia.org/wiki/Lista_de_membros_do_gabinete_de_Lula_(2023%E2%80%93presente)#Lista_de_ministros,periodization_party=PT
2023.2,2023-09-13,2025-12-23,Carlos Lupi,Previdência Social,PDT / RJ,PDT,https://pt.wikipedia.org/wiki/Lista_de_membros_do_gabinete_de_Lula_(2023%E2%80%93presente)#Lista_de_ministros,periodization_party=PDT
2023.2,2023-09-13,2025-12-23,Paulo Pimenta,Secretaria de Comunicação Social,PT / RS,PT,https://pt.wikipedia.org/wiki/Lista_de_membros_do_gabinete_de_Lula_(2023%E2%80%93presente)#Lista_de_ministros,periodization_party=PT
2023.2,2023-09-13,2025-12-23,Alexandre Padilha,Secretaria de Relações Institucionais,PT / SP,PT,https://pt.wikipedia.org/wiki/Lista_de_membros_do_gabinete_de_Lula_(2023%E2%80%93presente)#Lista_de_ministros,periodization_party=PT
2023.2,2023-09-13,2025-12-23,Márcio Macêdo,Secretaria-Geral da Presidência da República,PT / SE,PT,https://pt.wikipedia.org/wiki/Lista_de_membros_do_gabinete_de_Lula_(2023%E2%80%93presente)#Lista_de_ministros,periodization_party=PT
2023.2,2023-09-13,2025-12-23,Celso Sabino,Turismo,UNIÃO / PA,UNIÃO,https://pt.wikipedia.org/wiki/Lista_de_membros_do_gabinete_de_Lula_(2023%E2%80%93presente)#Lista_de_ministros,periodization_party=UNIÃO
2025.1,2025-12-24,2026-03-19,Fernando Haddad,Fazenda,PT / SP,PT,https://pt.wikipedia.org/wiki/Lista_de_membros_do_gabinete_de_Lula_(2023%E2%80%93presente)#Lista_de_ministros,periodization_party=PT
