election_year,cabinet_period,period_start,period_end,days,cabinet_status,cabinet_vote_share,cabinet_vote_share_pct,cabinet_seats,cabinet_seat_diff,cabinet_n_parties,cabinet_parties,unmapped_cabinet_parties,cabinet_min_ideology_index,cabinet_max_ideology_index,cabinet_leftmost_party,cabinet_rightmost_party,cabinet_span_width,cabinet_mean_ideology_value_unweighted,cabinet_median_ideology_value_unweighted,cabinet_mean_ideology_value_seat_weighted,cabinet_mean_ideology_value_vote_weighted,cabinet_ideology_summary,cabinet_center_count,cabinet_center_right_count,cabinet_center_left_count,cabinet_right_count,cabinet_left_count,cabinet_far_right_count,cabinet_far_left_count,closure_start_party,closure_end_party,closure_n_parties,closure_vote_share,closure_vote_share_pct,closure_seats,closure_seat_diff,closure_status,closure_parties,closure_gap_n,closure_gap_parties,closure_mean_ideology_value_unweighted,closure_median_ideology_value_unweighted,closure_mean_ideology_value_seat_weighted,closure_mean_ideology_value_vote_weighted,closure_ideology_summary,gap_ideology_summary,gap_center_count,gap_center_right_count,gap_center_left_count,gap_right_count,gap_left_count,gap_far_right_count,gap_far_left_count,closest_mcw_start_party,closest_mcw_end_party,closest_mcw_n_parties,closest_mcw_vote_share_pct,closest_mcw_seats,closest_mcw_seat_diff,closest_mcw_status,closest_mcw_overlap_n,closest_mcw_jaccard,closest_mcw_cabinet_coverage,closest_mcw_parties,closest_mci_start_party,closest_mci_end_party,closest_mci_n_parties,closest_mci_vote_share_pct,closest_mci_seats,closest_mci_seat_diff,closest_mci_overlap_n,closest_mci_jaccard,closest_mci_cabinet_coverage,closest_mci_parties,delta_cabinet_mean_ideology_value_unweighted,delta_cabinet_mean_ideology_value_seat_weighted,delta_cabinet_span_width,entered_ideology_summary,left_ideology_summary
2014,2015.1,2015-01-01,2016-03-23,448,votes+seats,0.5768532873908506,57.69,318,22.07426356849362,9,"PCdoB, PDT, PMDB, PP, PR, PRB, PSD, PT, PTB",,5,32,PCdoB,PP,28,5.863333333333333,7.01,5.9918867924528305,5.886682617353252,left: 2; center-left: 1; center-right: 1; right: 5,0,1,1,5,2,0,0,PCdoB,PP,25,0.9045991656504069,90.46,472,7.940628021341297,votes+seats,"PCdoB, PT, PDT, PSB, PPS, PV, PTB, PT DO B, SOLIDARIEDADE, PMN, PHS, PMDB, PSD, PSDB, PTN, PPL, PRTB, PROS, PRP, PR, PRB, PTC, PSDC, PSL, PP",16,"PSB, PPS, PV, PT DO B, SOLIDARIEDADE, PMN, PHS, PSDB, PTN, PPL, PRTB, PROS, PRP, PTC, PSDC, PSL",6.476000000000002,7.09,6.0577118644067784,6.026277103108963,left: 2; center-left: 2; center: 2; center-right: 5; right: 14,center-left: 1; center: 2; center-right: 4; right: 9,2,4,1,9,0,0,0,PCdoB,PMDB,12,50.17,265,7.62654104262208,votes+seats,5,0.3125,0.5555555555555556,"PCdoB, PT, PDT, PSB, PPS, PV, PTB, PT DO B, SOLIDARIEDADE, PMN, PHS, PMDB",PTB,PR,14,47.59,257,12.856855412389535,4,0.21052631578947367,0.4444444444444444,"PTB, PT DO B, SOLIDARIEDADE, PMN, PHS, PMDB, PSD, PSDB, PTN, PPL, PRTB, PROS, PRP, PR",,,,,
2014,2016.1,2016-03-24,2016-04-13,21,votes+seats,0.5314030494922755,53.14,297,24.390235610462696,8,"PCdoB, PDT, PMDB, PP, PR, PSD, PT, PTB",,5,32,PCdoB,PP,28,5.623749999999999,6.555,5.865454545454545,5.724749550651771,left: 2; center-left: 1; center-right: 1; right: 4,0,1,1,4,2,0,0,PCdoB,PP,25,0.9045991656504069,90.46,472,7.940628021341297,votes+seats,"PCdoB, PT, PDT, PSB, PPS, PV, PTB, PT DO B, SOLIDARIEDADE, PMN, PHS, PMDB, PSD, PSDB, PTN, PPL, PRTB, PROS, PRP, PR, PRB, PTC, PSDC, PSL, PP",17,"PSB, PPS, PV, PT DO B, SOLIDARIEDADE, PMN, PHS, PSDB, PTN, PPL, PRTB, PROS, PRP, PRB, PTC, PSDC, PSL",6.476000000000002,7.09,6.0577118644067784,6.026277103108963,left: 2; center-left: 2; center: 2; center-right: 5; right: 14,center-left: 1; center: 2; center-right: 4; right: 10,2,4,1,10,0,0,0,PCdoB,PMDB,12,50.17,265,7.62654104262208,votes+seats,5,0.3333333333333333,0.625,"PCdoB, PT, PDT, PSB, PPS, PV, PTB, PT DO B, SOLIDARIEDADE, PMN, PHS, PMDB",PTB,PR,14,47.59,257,12.856855412389535,4,0.2222222222222222,0.5,"PTB, PT DO B, SOLIDARIEDADE, PMN, PHS, PMDB, PSD, PSDB, PTN, PPL, PRTB, PROS, PRP, PR",-0.23958333333333393,-0.12643224699828526,0,,right: 1
2014,2016.2,2016-04-14,2016-04-15,2,seats only,0.4653584948188879,46.54,259,20.271092157910488,7,"PCdoB, PDT, PMDB, PR, PSD, PT, PTB",,5,26,PCdoB,PR,22,5.255714285714285,6.1,5.522934362934363,5.373457341629286,left: 2; center-left: 1; center-right: 1; right: 3,0,1,1,3,2,0,0,PCdoB,PR,20,0.7760866854841902,77.61,408,9.867530346610408,votes+seats,"PCdoB, PT, PDT, PSB, PPS, PV, PTB, PT DO B, SOLIDARIEDADE, PMN, PHS, PMDB, PSD, PSDB, PTN, PPL, PRTB, PROS, PRP, PR",13,"PSB, PPS, PV, PT DO B, SOLIDARIEDADE, PMN, PHS, PSDB, PTN, PPL, PRTB, PROS, PRP",6.0920000000000005,6.92,5.745612745098038,5.694018376177074,left: 2; center-left: 2; center: 2; center-right: 5; right: 9,center-left: 1; center: 2; center-right: 4; right: 6,2,4,1,6,0,0,0,PCdoB,PMDB,12,50.17,265,7.62654104262208,votes+seats,5,0.35714285714285715,0.7142857142857143,"PCdoB, PT, PDT, PSB, PPS, PV, PTB, PT DO B, SOLIDARIEDADE, PMN, PHS, PMDB",PTB,PR,14,47.59,257,12.856855412389535,4,0.23529411764705882,0.5714285714285714,"PTB, PT DO B, SOLIDARIEDADE, PMN, PHS, PMDB, PSD, PSDB, PTN, PPL, PRTB, PROS, PRP, PR",-0.368035714285714,-0.34252018252018246,-6,,right: 1
2014,2016.3,2016-04-16,2016-05-11,26,neither,0.4040577778598597,40.41,223,15.718359957891977,6,"PCdoB, PDT, PMDB, PR, PT, PTB",,5,26,PCdoB,PR,22,4.95,5.01,5.2699551569506715,5.113035933071779,left: 2; center-left: 1; center-right: 1; right: 2,0,1,1,2,2,0,0,PCdoB,PR,20,0.7760866854841902,77.61,408,9.867530346610408,votes+seats,"PCdoB, PT, PDT, PSB, PPS, PV, PTB, PT DO B, SOLIDARIEDADE, PMN, PHS, PMDB, PSD, PSDB, PTN, PPL, PRTB, PROS, PRP, PR",14,"PSB, PPS, PV, PT DO B, SOLIDARIEDADE, PMN, PHS, PSD, PSDB, PTN, PPL, PRTB, PROS, PRP",6.0920000000000005,6.92,5.745612745098038,5.694018376177074,left: 2; center-left: 2; center: 2; center-right: 5; right: 9,center-left: 1; center: 2; center-right: 4; right: 7,2,4,1,7,0,0,0,PCdoB,PMDB,12,50.17,265,7.62654104262208,votes+seats,5,0.38461538461538464,0.8333333333333334,"PCdoB, PT, PDT, PSB, PPS, PV, PTB, PT DO B, SOLIDARIEDADE, PMN, PHS, PMDB",PTB,PR,14,47.59,257,12.856855412389535,3,0.17647058823529413,0.5,"PTB, PT DO B, SOLIDARIEDADE, PMN, PHS, PMDB, PSD, PSDB, PTN, PPL, PRTB, PROS, PRP, PR",-0.30571428571428516,-0.2529792059836913,0,,right: 1
2014,2016.4,2016-05-12,2017-12-27,595,votes+seats,0.5393244114750998,53.93,291,14.326576913273811,9,"DEM, PMDB, PP, PPS, PSB, PSD, PSDB, PTB, PV",,8,35,PSB,DEM,28,6.482222222222222,7.01,6.7632989690721645,6.742625756438026,center-left: 1; center: 2; center-right: 1; right: 4; far right: 1,2,1,1,4,0,1,0,PSB,DEM,25,0.7841986379095288,78.42,409,6.7060987524117195,votes+seats,"PSB, PPS, PV, PTB, PT DO B, SOLIDARIEDADE, PMN, PHS, PMDB, PSD, PSDB, PTN, PPL, PRTB, PROS, PRP, PR, PRB, PTC, PSDC, PSL, PP, PSC, PEN, DEM",16,"PT DO B, SOLIDARIEDADE, PMN, PHS, PTN, PPL, PRTB, PROS, PRP, PR, PRB, PTC, PSDC, PSL, PSC, PEN",7.1415999999999995,7.27,6.997726161369191,7.003366881244341,center-left: 1; center: 2; center-right: 5; right: 15; far right: 2,center-right: 4; right: 11; far right: 1,0,4,0,11,0,1,0,PSB,PTN,12,48.92,260,9.032375702727137,seats only,7,0.5,0.7777777777777778,"PSB, PPS, PV, PTB, PT DO B, SOLIDARIEDADE, PMN, PHS, PMDB, PSD, PSDB, PTN",PSB,PTN,12,48.92,260,9.032375702727137,7,0.5,0.7777777777777778,"PSB, PPS, PV, PTB, PT DO B, SOLIDARIEDADE, PMN, PHS, PMDB, PSD, PSDB, PTN",1.532222222222222,1.493343812121493,6,center-left: 1; center: 2; right: 3; far right: 1,left: 2; center-left: 1; right: 1
2014,2017.1,2017-12-28,2018-04-06,100,seats only,0.49911919584823244,49.91,266,9.951852529856751,8,"DEM, PMDB, PP, PPS, PSB, PSD, PSDB, PV",,8,35,PSB,DEM,28,6.53,7.05,6.825639097744361,6.794390760308615,center-left: 1; center: 2; right: 4; far right: 1,2,0,1,4,0,1,0,PSB,DEM,25,0.7841986379095288,78.42,409,6.7060987524117195,votes+seats,"PSB, PPS, PV, PTB, PT DO B, SOLIDARIEDADE, PMN, PHS, PMDB, PSD, PSDB, PTN, PPL, PRTB, PROS, PRP, PR, PRB, PTC, PSDC, PSL, PP, PSC, PEN, DEM",17,"PTB, PT DO B, SOLIDARIEDADE, PMN, PHS, PTN, PPL, PRTB, PROS, PRP, PR, PRB, PTC, PSDC, PSL, PSC, PEN",7.1415999999999995,7.27,6.997726161369191,7.003366881244341,center-left: 1; center: 2; center-right: 5; right: 15; far right: 2,center-right: 5; right: 11; far right: 1,0,5,0,11,0,1,0,PSB,PTN,12,48.92,260,9.032375702727137,seats only,6,0.42857142857142855,0.75,"PSB, PPS, PV, PTB, PT DO B, SOLIDARIEDADE, PMN, PHS, PMDB, PSD, PSDB, PTN",PSB,PTN,12,48.92,260,9.032375702727137,6,0.42857142857142855,0.75,"PSB, PPS, PV, PTB, PT DO B, SOLIDARIEDADE, PMN, PHS, PMDB, PSD, PSDB, PTN",0.04777777777777814,0.06234012867219629,0,,center-right: 1
2014,2018.1,2018-04-07,2018-05-27,51,neither,0.37218391707558274,37.22,203,12.069650540226064,5,"PMDB, PP, PPS, PSD, PSDB",,10,32,PPS,PP,23,6.866,7.09,7.170591133004925,7.1521415033469715,center: 1; right: 4,1,0,0,4,0,0,0,PPS,PP,21,0.6451023433184784,64.51,339,8.062497877620615,votes+seats,"PPS, PV, PTB, PT DO B, SOLIDARIEDADE, PMN, PHS, PMDB, PSD, PSDB, PTN, PPL, PRTB, PROS, PRP, PR, PRB, PTC, PSDC, PSL, PP",16,"PV, PTB, PT DO B, SOLIDARIEDADE, PMN, PHS, PTN, PPL, PRTB, PROS, PRP, PR, PRB, PTC, PSDC, PSL",7.097142857142858,7.24,7.135722713864306,7.126512937111323,center: 2; center-right: 5; right: 14,center: 1; center-right: 5; right: 10,1,5,0,10,0,0,0,PSB,PTN,12,48.92,260,9.032375702727137,seats only,4,0.3076923076923077,0.8,"PSB, PPS, PV, PTB, PT DO B, SOLIDARIEDADE, PMN, PHS, PMDB, PSD, PSDB, PTN",PSB,PTN,12,48.92,260,9.032375702727137,4,0.3076923076923077,0.8,"PSB, PPS, PV, PTB, PT DO B, SOLIDARIEDADE, PMN, PHS, PMDB, PSD, PSDB, PTN",0.3359999999999994,0.3449520352605644,-5,,center-left: 1; center: 1; far right: 1
2014,2018.2,2018-05-28,2018-12-31,218,neither,0.3796121885602717,37.96,207,12.258947268580641,6,"PMDB, PP, PPS, PSD, PSDB, PTN",,10,32,PPS,PP,23,6.928333333333332,7.1,7.171932367149758,7.153860723079748,center: 1; right: 5,1,0,0,5,0,0,0,PPS,PP,21,0.6451023433184784,64.51,339,8.062497877620615,votes+seats,"PPS, PV, PTB, PT DO B, SOLIDARIEDADE, PMN, PHS, PMDB, PSD, PSDB, PTN, PPL, PRTB, PROS, PRP, PR, PRB, PTC, PSDC, PSL, PP",15,"PV, PTB, PT DO B, SOLIDARIEDADE, PMN, PHS, PPL, PRTB, PROS, PRP, PR, PRB, PTC, PSDC, PSL",7.097142857142858,7.24,7.135722713864306,7.126512937111323,center: 2; center-right: 5; right: 14,center: 1; center-right: 5; right: 9,1,5,0,9,0,0,0,PSB,PTN,12,48.92,260,9.032375702727137,seats only,5,0.38461538461538464,0.8333333333333334,"PSB, PPS, PV, PTB, PT DO B, SOLIDARIEDADE, PMN, PHS, PMDB, PSD, PSDB, PTN",PSB,PTN,12,48.92,260,9.032375702727137,5,0.38461538461538464,0.8333333333333334,"PSB, PPS, PV, PTB, PT DO B, SOLIDARIEDADE, PMN, PHS, PMDB, PSD, PSDB, PTN",0.06233333333333224,0.0013412341448324483,0,right: 1,
2018,2019.1,2019-01-01,2020-02-10,406,neither,0.36478773192960734,36.48,190,2.8638935201114464,7,"DEM, MDB, NOVO, PATRIOTA, PR, PRB, PSL",,18,35,MDB,DEM,18,7.99,8.11,7.888105263157895,7.926981771890313,right: 5; far right: 2,0,0,0,5,0,2,0,MDB,DEM,18,0.6290560070764334,62.91,326,3.294268369789677,votes+seats,"MDB, PSD, PSDB, PODE, PPL, PRTB, PROS, PRP, PR, PRB, PTC, DC, PSL, NOVO, PP, PSC, PATRIOTA, DEM",11,"PSD, PSDB, PODE, PPL, PRTB, PROS, PRP, PTC, DC, PP, PSC",7.758333333333332,7.78,7.738527607361964,7.7527234882751435,right: 16; far right: 2,right: 11,0,0,0,11,0,0,0,PSDB,DEM,16,51.52,257,-7.292662922271063,votes+seats,6,0.35294117647058826,0.8571428571428571,"PSDB, PODE, PPL, PRTB, PROS, PRP, PR, PRB, PTC, DC, PSL, NOVO, PP, PSC, PATRIOTA, DEM",,,,,,,,,,,,,,,
2018,2020.1,2020-02-11,2020-02-14,4,neither,0.4247465633207784,42.47,220,2.1050130164406653,8,"DEM, MDB, NOVO, PATRIOTA, PR, PRB, PSDB, PSL",,18,35,MDB,DEM,18,7.880000000000002,7.945,7.782,7.811653534911884,right: 6; far right: 2,0,0,0,6,0,2,0,MDB,DEM,18,0.6290560070764334,62.91,326,3.294268369789677,votes+seats,"MDB, PSD, PSDB, PODE, PPL, PRTB, PROS, PRP, PR, PRB, PTC, DC, PSL, NOVO, PP, PSC, PATRIOTA, DEM",10,"PSD, PODE, PPL, PRTB, PROS, PRP, PTC, DC, PP, PSC",7.758333333333332,7.78,7.738527607361964,7.7527234882751435,right: 16; far right: 2,right: 10,0,0,0,10,0,0,0,PSDB,DEM,16,51.52,257,-7.292662922271063,votes+seats,7,0.4117647058823529,0.875,"PSDB, PODE, PPL, PRTB, PROS, PRP, PR, PRB, PTC, DC, PSL, NOVO, PP, PSC, PATRIOTA, DEM",,,,,,,,,,,-0.10999999999999854,-0.10610526315789492,0,right: 1,
2018,2020.2,2020-02-15,2020-06-16,123,neither,0.3693865791800655,36.94,186,-3.4953151193736005,7,"DEM, NOVO, PATRIOTA, PR, PRB, PSDB, PSL",,20,35,PSDB,DEM,16,8.004285714285716,8.11,7.923118279569893,7.931797388209367,right: 5; far right: 2,0,0,0,5,0,2,0,PSDB,DEM,16,0.5151903760668052,51.52,257,-7.292662922271063,votes+seats,"PSDB, PODE, PPL, PRTB, PROS, PRP, PR, PRB, PTC, DC, PSL, NOVO, PP, PSC, PATRIOTA, DEM",9,"PODE, PPL, PRTB, PROS, PRP, PTC, DC, PP, PSC",7.846874999999999,7.82,7.923229571984435,7.90779281918642,right: 14; far right: 2,right: 9,0,0,0,9,0,0,0,PSDB,DEM,16,51.52,257,-7.292662922271063,votes+seats,7,0.4375,1.0,"PSDB, PODE, PPL, PRTB, PROS, PRP, PR, PRB, PTC, DC, PSL, NOVO, PP, PSC, PATRIOTA, DEM",,,,,,,,,,,0.12428571428571455,0.1411182795698931,-2,,right: 1
2018,2020.3,2020-06-17,2020-12-09,176,neither,0.4278922260489808,42.79,221,1.4912880368728452,8,"DEM, NOVO, PATRIOTA, PR, PRB, PSD, PSDB, PSL",,19,35,PSD,DEM,17,7.8900000000000015,7.945,7.791176470588235,7.816698543847294,right: 6; far right: 2,0,0,0,6,0,2,0,PSD,DEM,17,0.5736960229357205,57.37,292,-2.306059766024646,votes+seats,"PSD, PSDB, PODE, PPL, PRTB, PROS, PRP, PR, PRB, PTC, DC, PSL, NOVO, PP, PSC, PATRIOTA, DEM",9,"PODE, PPL, PRTB, PROS, PRP, PTC, DC, PP, PSC",7.80235294117647,7.78,7.823356164383562,7.8243941272338065,right: 15; far right: 2,right: 9,0,0,0,9,0,0,0,PSDB,DEM,16,51.52,257,-7.292662922271063,votes+seats,7,0.4117647058823529,0.875,"PSDB, PODE, PPL, PRTB, PROS, PRP, PR, PRB, PTC, DC, PSL, NOVO, PP, PSC, PATRIOTA, DEM",,,,,,,,,,,-0.11428571428571477,-0.13194180898165797,1,right: 1,
2018,2020.4,2020-12-10,2021-03-28,109,neither,0.3115222544448797,31.15,169,9.189083469776733,7,"DEM, NOVO, PATRIOTA, PR, PRB, PSD, PSDB",,19,35,PSD,DEM,17,7.8585714285714285,7.78,7.693076923076922,7.707135000193718,right: 5; far right: 2,0,0,0,5,0,2,0,PSD,DEM,17,0.5736960229357205,57.37,292,-2.306059766024646,votes+seats,"PSD, PSDB, PODE, PPL, PRTB, PROS, PRP, PR, PRB, PTC, DC, PSL, NOVO, PP, PSC, PATRIOTA, DEM",10,"PODE, PPL, PRTB, PROS, PRP, PTC, DC, PSL, PP, PSC",7.80235294117647,7.78,7.823356164383562,7.8243941272338065,right: 15; far right: 2,right: 10,0,0,0,10,0,0,0,PSDB,DEM,16,51.52,257,-7.292662922271063,votes+seats,6,0.35294117647058826,0.8571428571428571,"PSDB, PODE, PPL, PRTB, PROS, PRP, PR, PRB, PTC, DC, PSL, NOVO, PP, PSC, PATRIOTA, DEM",,,,,,,,,,,-0.031428571428572916,-0.09809954751131311,0,,right: 1
2018,2021.1,2021-03-29,2021-06-23,87,neither,0.4278922260489808,42.79,221,1.4912880368728452,8,"DEM, NOVO, PATRIOTA, PR, PRB, PSD, PSDB, PSL",,19,35,PSD,DEM,17,7.8900000000000015,7.945,7.791176470588235,7.816698543847294,right: 6; far right: 2,0,0,0,6,0,2,0,PSD,DEM,17,0.5736960229357205,57.37,292,-2.306059766024646,votes+seats,"PSD, PSDB, PODE, PPL, PRTB, PROS, PRP, PR, PRB, PTC, DC, PSL, NOVO, PP, PSC, PATRIOTA, DEM",9,"PODE, PPL, PRTB, PROS, PRP, PTC, DC, PP, PSC",7.80235294117647,7.78,7.823356164383562,7.8243941272338065,right: 15; far right: 2,right: 9,0,0,0,9,0,0,0,PSDB,DEM,16,51.52,257,-7.292662922271063,votes+seats,7,0.4117647058823529,0.875,"PSDB, PODE, PPL, PRTB, PROS, PRP, PR, PRB, PTC, DC, PSL, NOVO, PP, PSC, PATRIOTA, DEM",,,,,,,,,,,0.031428571428572916,0.09809954751131311,0,right: 1,
2018,2021.2,2021-06-24,2021-08-03,41,neither,0.39992599542111934,39.99,213,7.837964348965784,7,"DEM, PATRIOTA, PR, PRB, PSD, PSDB, PSL",,19,35,PSD,DEM,17,7.855714285714286,7.78,7.778450704225352,7.794789838538991,right: 5; far right: 2,0,0,0,5,0,2,0,PSD,DEM,17,0.5736960229357205,57.37,292,-2.306059766024646,votes+seats,"PSD, PSDB, PODE, PPL, PRTB, PROS, PRP, PR, PRB, PTC, DC, PSL, NOVO, PP, PSC, PATRIOTA, DEM",10,"PODE, PPL, PRTB, PROS, PRP, PTC, DC, NOVO, PP, PSC",7.80235294117647,7.78,7.823356164383562,7.8243941272338065,right: 15; far right: 2,right: 10,0,0,0,10,0,0,0,PSDB,DEM,16,51.52,257,-7.292662922271063,votes+seats,6,0.35294117647058826,0.8571428571428571,"PSDB, PODE, PPL, PRTB, PROS, PRP, PR, PRB, PTC, DC, PSL, NOVO, PP, PSC, PATRIOTA, DEM",,,,,,,,,,,-0.034285714285715585,-0.012725766362883029,0,,right: 1
2018,2021.3,2021-08-04,2022-02-07,188,neither,0.45496718590973984,45.5,250,16.601833628303467,8,"DEM, PATRIOTA, PP, PR, PRB, PSD, PSDB, PSL",,19,35,PSD,DEM,17,7.898750000000001,7.945,7.840839999999999,7.843811505102269,right: 6; far right: 2,0,0,0,6,0,2,0,PSD,DEM,17,0.5736960229357205,57.37,292,-2.306059766024646,votes+seats,"PSD, PSDB, PODE, PPL, PRTB, PROS, PRP, PR, PRB, PTC, DC, PSL, NOVO, PP, PSC, PATRIOTA, DEM",9,"PODE, PPL, PRTB, PROS, PRP, PTC, DC, NOVO, PSC",7.80235294117647,7.78,7.823356164383562,7.8243941272338065,right: 15; far right: 2,right: 9,0,0,0,9,0,0,0,PSDB,DEM,16,51.52,257,-7.292662922271063,votes+seats,7,0.4117647058823529,0.875,"PSDB, PODE, PPL, PRTB, PROS, PRP, PR, PRB, PTC, DC, PSL, NOVO, PP, PSC, PATRIOTA, DEM",,,,,,,,,,,0.04303571428571473,0.062389295774647024,0,right: 1,
2018,2022.1,2022-02-08,2022-03-31,52,neither,0.45496718590973984,45.5,250,16.601833628303467,8,"DEM, PATRIOTA, PP, PR, PRB, PSD, PSDB, PSL",,19,35,PSD,DEM,17,7.898750000000001,7.945,7.840839999999999,7.843811505102269,right: 6; far right: 2,0,0,0,6,0,2,0,PSD,DEM,17,0.5736960229357205,57.37,292,-2.306059766024646,votes+seats,"PSD, PSDB, PODE, PPL, PRTB, PROS, PRP, PR, PRB, PTC, DC, PSL, NOVO, PP, PSC, PATRIOTA, DEM",9,"PODE, PPL, PRTB, PROS, PRP, PTC, DC, NOVO, PSC",7.80235294117647,7.78,7.823356164383562,7.8243941272338065,right: 15; far right: 2,right: 9,0,0,0,9,0,0,0,PSDB,DEM,16,51.52,257,-7.292662922271063,votes+seats,7,0.4117647058823529,0.875,"PSDB, PODE, PPL, PRTB, PROS, PRP, PR, PRB, PTC, DC, PSL, NOVO, PP, PSC, PATRIOTA, DEM",,,,,,,,,,,0.0,0.0,0,,
2018,2022.2,2022-04-01,2022-04-01,1,neither,0.39500835451856875,39.5,220,17.36071413197422,7,"DEM, PATRIOTA, PP, PR, PRB, PSD, PSL",,19,35,PSD,DEM,17,8.011428571428572,8.11,7.9405,7.955197706948438,right: 5; far right: 2,0,0,0,5,0,2,0,PSD,DEM,17,0.5736960229357205,57.37,292,-2.306059766024646,votes+seats,"PSD, PSDB, PODE, PPL, PRTB, PROS, PRP, PR, PRB, PTC, DC, PSL, NOVO, PP, PSC, PATRIOTA, DEM",10,"PSDB, PODE, PPL, PRTB, PROS, PRP, PTC, DC, NOVO, PSC",7.80235294117647,7.78,7.823356164383562,7.8243941272338065,right: 15; far right: 2,right: 10,0,0,0,10,0,0,0,PSDB,DEM,16,51.52,257,-7.292662922271063,votes+seats,6,0.35294117647058826,0.8571428571428571,"PSDB, PODE, PPL, PRTB, PROS, PRP, PR, PRB, PTC, DC, PSL, NOVO, PP, PSC, PATRIOTA, DEM",,,,,,,,,,,0.11267857142857185,0.09966000000000097,0,,right: 1
2018,2022.3,2022-04-02,2022-12-31,274,neither,0.3418395348295244,34.18,187,11.636318632453992,6,"DEM, PATRIOTA, PP, PRB, PSD, PSL",,19,35,PSD,DEM,17,8.05,8.155,7.968823529411764,7.982447496225505,right: 4; far right: 2,0,0,0,4,0,2,0,PSD,DEM,17,0.5736960229357205,57.37,292,-2.306059766024646,votes+seats,"PSD, PSDB, PODE, PPL, PRTB, PROS, PRP, PR, PRB, PTC, DC, PSL, NOVO, PP, PSC, PATRIOTA, DEM",11,"PSDB, PODE, PPL, PRTB, PROS, PRP, PR, PTC, DC, NOVO, PSC",7.80235294117647,7.78,7.823356164383562,7.8243941272338065,right: 15; far right: 2,right: 11,0,0,0,11,0,0,0,PSDB,DEM,16,51.52,257,-7.292662922271063,votes+seats,5,0.29411764705882354,0.8333333333333334,"PSDB, PODE, PPL, PRTB, PROS, PRP, PR, PRB, PTC, DC, PSL, NOVO, PP, PSC, PATRIOTA, DEM",,,,,,,,,,,0.03857142857142826,0.028323529411763637,0,,right: 1
2022,2023.1,2023-01-01,2023-09-12,255,seats only,0.48888043147286714,48.89,263,12.20433865441916,9,"MDB, PCdoB, PDT, PSB, PSD, PSOL, PT, REDE, UNIÃO",,4,29,PSOL,UNIÃO,26,4.458222222222222,3.802,5.489722433460076,5.231743310835161,far left: 1; left: 2; center-left: 3; center-right: 1; right: 1; far right: 1,0,1,3,1,2,1,1,PSOL,UNIÃO,26,0.8064401792144349,80.64,407,-6.703811937005128,votes+seats,"PSOL, UP, PCdoB, PT, PSB, REDE, PDT, PV, SOLIDARIEDADE, CIDADANIA, AVANTE, MDB, PMN, PSDB, PSD, PMB, PODE, PROS, PRTB, AGIR, PTB, PP, DC, REPUBLICANOS, PSC, UNIÃO",17,"UP, PV, SOLIDARIEDADE, CIDADANIA, AVANTE, PMN, PSDB, PMB, PODE, PROS, PRTB, AGIR, PTB, PP, DC, REPUBLICANOS, PSC",6.138192307692307,6.955500000000001,6.3294742014742,6.223248286400175,far left: 1; left: 3; center-left: 4; center-right: 6; right: 9; far right: 3,left: 1; center-left: 1; center-right: 5; right: 8; far right: 2,0,5,1,8,1,2,0,PT,PP,19,57.86,284,-12.814782385004946,votes+seats,6,0.2727272727272727,0.6666666666666666,"PT, PSB, REDE, PDT, PV, SOLIDARIEDADE, CIDADANIA, AVANTE, MDB, PMN, PSDB, PSD, PMB, PODE, PROS, PRTB, AGIR, PTB, PP",MDB,UNIÃO,15,49.98,265,8.59119863883717,3,0.14285714285714285,0.3333333333333333,"MDB, PMN, PSDB, PSD, PMB, PODE, PROS, PRTB, AGIR, PTB, PP, DC, REPUBLICANOS, PSC, UNIÃO",,,,,
2022,2023.2,2023-09-13,2025-12-23,833,votes+seats,0.6378913927154223,63.79,350,22.76171553698839,11,"MDB, PCdoB, PDT, PP, PSB, PSD, PSOL, PT, REDE, REPUBLICANOS, UNIÃO",,4,29,PSOL,UNIÃO,26,5.191454545454546,3.977,6.233894285714286,5.991661491231294,far left: 1; left: 2; center-left: 3; center-right: 1; right: 2; far right: 2,0,1,3,2,2,2,1,PSOL,UNIÃO,26,0.8064401792144349,80.64,407,-6.703811937005128,votes+seats,"PSOL, UP, PCdoB, PT, PSB, REDE, PDT, PV, SOLIDARIEDADE, CIDADANIA, AVANTE, MDB, PMN, PSDB, PSD, PMB, PODE, PROS, PRTB, AGIR, PTB, PP, DC, REPUBLICANOS, PSC, UNIÃO",15,"UP, PV, SOLIDARIEDADE, CIDADANIA, AVANTE, PMN, PSDB, PMB, PODE, PROS, PRTB, AGIR, PTB, DC, PSC",6.138192307692307,6.955500000000001,6.3294742014742,6.223248286400175,far left: 1; left: 3; center-left: 4; center-right: 6; right: 9; far right: 3,left: 1; center-left: 1; center-right: 5; right: 7; far right: 1,0,5,1,7,1,1,0,PT,PP,19,57.86,284,-12.814782385004946,votes+seats,7,0.30434782608695654,0.6363636363636364,"PT, PSB, REDE, PDT, PV, SOLIDARIEDADE, CIDADANIA, AVANTE, MDB, PMN, PSDB, PSD, PMB, PODE, PROS, PRTB, AGIR, PTB, PP",MDB,UNIÃO,15,49.98,265,8.59119863883717,5,0.23809523809523808,0.45454545454545453,"MDB, PMN, PSDB, PSD, PMB, PODE, PROS, PRTB, AGIR, PTB, PP, DC, REPUBLICANOS, PSC, UNIÃO",0.7332323232323237,0.74417185225421,0,right: 1; far right: 1,
2022,2025.1,2025-12-24,2026-03-19,86,votes+seats,0.544526019584346,54.45,291,11.658151953230515,10,"MDB, PCdoB, PDT, PP, PSB, PSD, PSOL, PT, REDE, REPUBLICANOS",,4,27,PSOL,REPUBLICANOS,24,4.8357,3.8895,5.723958762886598,5.518883461420362,far left: 1; left: 2; center-left: 3; center-right: 1; right: 2; far right: 1,0,1,3,2,2,1,1,PSOL,REPUBLICANOS,24,0.695301150567259,69.53,342,-14.68949024100391,votes+seats,"PSOL, UP, PCdoB, PT, PSB, REDE, PDT, PV, SOLIDARIEDADE, CIDADANIA, AVANTE, MDB, PMN, PSDB, PSD, PMB, PODE, PROS, PRTB, AGIR, PTB, PP, DC, REPUBLICANOS",14,"UP, PV, SOLIDARIEDADE, CIDADANIA, AVANTE, PMN, PSDB, PMB, PODE, PROS, PRTB, AGIR, PTB, DC",5.924083333333333,6.8215,5.87107894736842,5.821646220277064,far left: 1; left: 3; center-left: 4; center-right: 6; right: 9; far right: 1,left: 1; center-left: 1; center-right: 5; right: 7,0,5,1,7,1,0,0,PT,PP,19,57.86,284,-12.814782385004946,votes+seats,7,0.3181818181818182,0.7,"PT, PSB, REDE, PDT, PV, SOLIDARIEDADE, CIDADANIA, AVANTE, MDB, PMN, PSDB, PSD, PMB, PODE, PROS, PRTB, AGIR, PTB, PP",MDB,UNIÃO,15,49.98,265,8.59119863883717,4,0.19047619047619047,0.4,"MDB, PMN, PSDB, PSD, PMB, PODE, PROS, PRTB, AGIR, PTB, PP, DC, REPUBLICANOS, PSC, UNIÃO",-0.35575454545454566,-0.5099355228276883,-2,,far right: 1
