election_year,coalition_year,period,period_start,period_end,period_days,days_overlapping_mandate,share_of_mandate,parties,votes,national_vote_total,vote_share,seats,seat_share,quota,seat_diff,required_diff,representation_ratio,vote_majority,seat_majority,majority_status,coalition_inversion
2014,2015,2015.1,2015-01-01,2016-03-23,448,448,0.3066392881587953,"PCdoB, PDT, PMDB, PP, PR, PRB, PSD, PT, PTB",56159756,97355354,0.5768532873908506,318,0.6198830409356725,295.9257364315064,22.07426356849362,-38.92573643150638,1.0745939296618185,true,true,votes+seats,false
2014,2016,2016.1,2016-03-24,2016-04-13,21,21,0.014373716632443531,"PCdoB, PDT, PMDB, PP, PR, PSD, PT, PTB",51734932,97355354,0.5314030494922755,297,0.5789473684210527,272.6097643895373,24.390235610462696,-15.609764389537304,1.0894694130457154,true,true,votes+seats,false
2014,2016,2016.2,2016-04-14,2016-04-15,2,2,0.0013689253935660506,"PCdoB, PDT, PMDB, PR, PSD, PT, PTB",45305141,97355354,0.4653584948188879,259,0.5048732943469786,238.7289078420895,20.271092157910488,18.271092157910488,1.0849125995722273,false,true,seats_only,true
2014,2016,2016.3,2016-04-16,2016-05-11,26,26,0.01779603011635866,"PCdoB, PDT, PMDB, PR, PT, PTB",39337188,97355354,0.4040577778598597,223,0.4346978557504873,207.28164004210802,15.718359957891977,49.71835995789198,1.0758309320338206,false,false,neither,false
2014,2016,2016.4,2016-05-12,2017-12-27,595,595,0.4072553045859001,"DEM, PMDB, PP, PPS, PSB, PSD, PSDB, PTB, PV",52506119,97355354,0.5393244114750998,291,0.5672514619883041,276.6734230867262,14.326576913273811,-19.67342308672619,1.0517815435737858,true,true,votes+seats,false
2014,2017,2017.1,2017-12-28,2018-04-06,100,100,0.06844626967830253,"DEM, PMDB, PP, PPS, PSB, PSD, PSDB, PV",48591926,97355354,0.49911919584823244,266,0.5185185185185185,256.04814747014325,9.951852529856751,0.9518525298567511,1.0388671139712784,false,true,seats_only,true
2014,2018,2018.1,2018-04-07,2018-05-27,51,51,0.03490759753593429,"PMDB, PP, PPS, PSD, PSDB",36234097,97355354,0.37218391707558274,203,0.39571150097465885,190.93034945977394,12.069650540226064,66.06965054022606,1.0632149397640367,false,false,neither,false
2014,2018,2018.2,2018-05-28,2018-12-31,218,218,0.14921286789869953,"PMDB, PP, PPS, PSD, PSDB, PTN",36957279,97355354,0.3796121885602717,207,0.40350877192982454,194.74105273141936,12.258947268580641,62.25894726858064,1.0629499897255243,false,false,neither,false
2018,2019,2019.1,2019-01-01,2020-02-10,406,406,0.2778918548939083,"DEM, MDB, NOVO, PATRIOTA, PR, PRB, PSL",35845571,98264190,0.36478773192960734,190,0.37037037037037035,187.13610647988855,2.8638935201114464,69.86389352011145,1.0153037998598053,false,false,neither,false
2018,2020,2020.1,2020-02-11,2020-02-14,4,4,0.0027378507871321013,"DEM, MDB, NOVO, PATRIOTA, PR, PRB, PSDB, PSL",41737377,98264190,0.4247465633207784,220,0.42884990253411304,217.89498698355933,2.1050130164406653,39.105013016440665,1.0096606766662304,false,false,neither,false
2018,2020,2020.2,2020-02-15,2020-06-16,123,123,0.08418891170431211,"DEM, NOVO, PATRIOTA, PR, PRB, PSDB, PSL",36297473,98264190,0.3693865791800655,186,0.36257309941520466,189.4953151193736,-3.4953151193736005,67.5046848806264,0.9815546093201739,false,false,neither,false
2018,2020,2020.3,2020-06-17,2020-12-09,176,176,0.12046543463381246,"DEM, NOVO, PATRIOTA, PR, PRB, PSD, PSDB, PSL",42046483,98264190,0.4278922260489808,221,0.43079922027290446,219.50871196312715,1.4912880368728452,37.491288036872845,1.0067937533027087,false,false,neither,false
2018,2020,2020.4,2020-12-10,2021-03-28,109,109,0.07460643394934977,"DEM, NOVO, PATRIOTA, PR, PRB, PSD, PSDB",30611482,98264190,0.3115222544448797,169,0.32943469785575047,159.81091653022327,9.189083469776733,97.18908346977673,1.0574997232309777,false,false,neither,false
2018,2021,2021.1,2021-03-29,2021-06-23,87,87,0.059548254620123205,"DEM, NOVO, PATRIOTA, PR, PRB, PSD, PSDB, PSL",42046483,98264190,0.4278922260489808,221,0.43079922027290446,219.50871196312715,1.4912880368728452,37.491288036872845,1.0067937533027087,false,false,neither,false
2018,2021,2021.2,2021-06-24,2021-08-03,41,41,0.02806297056810404,"DEM, PATRIOTA, PR, PRB, PSD, PSDB, PSL",39298404,98264190,0.39992599542111934,213,0.4152046783625731,205.16203565103422,7.837964348965784,51.837964348965784,1.0382037754894262,false,false,neither,false
2018,2021,2021.3,2021-08-04,2022-02-07,188,188,0.12867898699520877,"DEM, PATRIOTA, PP, PR, PRB, PSD, PSDB, PSL",44706982,98264190,0.45496718590973984,250,0.4873294346978557,233.39816637169653,16.601833628303467,23.601833628303467,1.071130951396869,false,false,neither,false
2018,2022,2022.1,2022-02-08,2022-03-31,52,52,0.03559206023271732,"DEM, PATRIOTA, PP, PR, PRB, PSD, PSDB, PSL",44706982,98264190,0.45496718590973984,250,0.4873294346978557,233.39816637169653,16.601833628303467,23.601833628303467,1.071130951396869,false,false,neither,false
2018,2022,2022.2,2022-04-01,2022-04-01,1,1,0.0006844626967830253,"DEM, PATRIOTA, PP, PR, PRB, PSD, PSL",38815176,98264190,0.39500835451856875,220,0.42884990253411304,202.63928586802578,17.36071413197422,54.36071413197422,1.0856729930605897,false,false,neither,false
2018,2022,2022.3,2022-04-02,2022-12-31,274,274,0.18754277891854895,"DEM, PATRIOTA, PP, PRB, PSD, PSL",33590585,98264190,0.3418395348295244,187,0.3645224171539961,175.363681367546,11.636318632453992,81.63631863245399,1.0663553510151589,false,false,neither,false
2022,2023,2023.1,2023-01-01,2023-09-12,255,255,0.217206132879046,"MDB, PCdoB, PDT, PSB, PSD, PSOL, PT, REDE, UNIÃO",53490123,109413508,0.48888043147286714,263,0.5126705653021443,250.79566134558084,12.20433865441916,6.2043386544191605,1.0486624792029489,false,true,seats_only,true
2022,2023,2023.2,2023-09-13,2025-12-23,833,833,0.7095400340715503,"MDB, PCdoB, PDT, PP, PSB, PSD, PSOL, PT, REDE, REPUBLICANOS, UNIÃO",69793935,109413508,0.6378913927154223,350,0.682261208576998,327.2382844630116,22.76171553698839,-70.23828446301161,1.069557006675853,true,true,votes+seats,false
2022,2025,2025.1,2025-12-24,2026-03-19,86,86,0.07325383304940375,"MDB, PCdoB, PDT, PP, PSB, PSD, PSOL, PT, REDE, REPUBLICANOS",59578502,109413508,0.544526019584346,291,0.5672514619883041,279.3418480467695,11.658151953230515,-22.341848046769485,1.0417343553597405,true,true,votes+seats,false
