periodo,data_inicio,data_fim,partido
2015.1,2015-01-01,2016-03-23,MDB
2015.1,2015-01-01,2016-03-23,PCdoB
2015.1,2015-01-01,2016-03-23,PDT
2015.1,2015-01-01,2016-03-23,PL
2015.1,2015-01-01,2016-03-23,PP
2015.1,2015-01-01,2016-03-23,PSD
2015.1,2015-01-01,2016-03-23,PT
2015.1,2015-01-01,2016-03-23,PTB
2015.1,2015-01-01,2016-03-23,REPUBLICANOS
2016.1,2016-03-24,2016-04-13,MDB
2016.1,2016-03-24,2016-04-13,PCdoB
2016.1,2016-03-24,2016-04-13,PDT
2016.1,2016-03-24,2016-04-13,PL
2016.1,2016-03-24,2016-04-13,PP
2016.1,2016-03-24,2016-04-13,PSD
2016.1,2016-03-24,2016-04-13,PT
2016.1,2016-03-24,2016-04-13,PTB
2016.2,2016-04-14,2016-04-15,MDB
2016.2,2016-04-14,2016-04-15,PCdoB
2016.2,2016-04-14,2016-04-15,PDT
2016.2,2016-04-14,2016-04-15,PL
2016.2,2016-04-14,2016-04-15,PSD
2016.2,2016-04-14,2016-04-15,PT
2016.2,2016-04-14,2016-04-15,PTB
2016.3,2016-04-16,2016-05-11,MDB
2016.3,2016-04-16,2016-05-11,PCdoB
2016.3,2016-04-16,2016-05-11,PDT
2016.3,2016-04-16,2016-05-11,PL
2016.3,2016-04-16,2016-05-11,PT
2016.3,2016-04-16,2016-05-11,PTB
2016.4,2016-05-12,2017-12-27,DEM
2016.4,2016-05-12,2017-12-27,MDB
2016.4,2016-05-12,2017-12-27,PP
2016.4,2016-05-12,2017-12-27,PPS
2016.4,2016-05-12,2017-12-27,PSB
2016.4,2016-05-12,2017-12-27,PSD
2016.4,2016-05-12,2017-12-27,PSDB
2016.4,2016-05-12,2017-12-27,PTB
2016.4,2016-05-12,2017-12-27,PV
2017.1,2017-12-28,2018-04-06,DEM
2017.1,2017-12-28,2018-04-06,MDB
2017.1,2017-12-28,2018-04-06,PP
2017.1,2017-12-28,2018-04-06,PPS
2017.1,2017-12-28,2018-04-06,PSB
2017.1,2017-12-28,2018-04-06,PSD
2017.1,2017-12-28,2018-04-06,PSDB
2017.1,2017-12-28,2018-04-06,PV
2018.1,2018-04-07,2018-05-27,MDB
2018.1,2018-04-07,2018-05-27,PP
2018.1,2018-04-07,2018-05-27,PPS
2018.1,2018-04-07,2018-05-27,PSD
2018.1,2018-04-07,2018-05-27,PSDB
2018.2,2018-05-28,2018-12-31,MDB
2018.2,2018-05-28,2018-12-31,PODE
2018.2,2018-05-28,2018-12-31,PP
2018.2,2018-05-28,2018-12-31,PPS
2018.2,2018-05-28,2018-12-31,PSD
2018.2,2018-05-28,2018-12-31,PSDB
2019.1,2019-01-01,2020-02-10,DEM
2019.1,2019-01-01,2020-02-10,MDB
2019.1,2019-01-01,2020-02-10,NOVO
2019.1,2019-01-01,2020-02-10,PATRIOTA
2019.1,2019-01-01,2020-02-10,PL
2019.1,2019-01-01,2020-02-10,REPUBLICANOS
2019.1,2019-01-01,2020-02-10,PSL
2020.1,2020-02-11,2020-02-14,DEM
2020.1,2020-02-11,2020-02-14,MDB
2020.1,2020-02-11,2020-02-14,NOVO
2020.1,2020-02-11,2020-02-14,PATRIOTA
2020.1,2020-02-11,2020-02-14,PL
2020.1,2020-02-11,2020-02-14,REPUBLICANOS
2020.1,2020-02-11,2020-02-14,PSDB
2020.1,2020-02-11,2020-02-14,PSL
2020.2,2020-02-15,2020-06-16,DEM
2020.2,2020-02-15,2020-06-16,NOVO
2020.2,2020-02-15,2020-06-16,PATRIOTA
2020.2,2020-02-15,2020-06-16,PL
2020.2,2020-02-15,2020-06-16,REPUBLICANOS
2020.2,2020-02-15,2020-06-16,PSDB
2020.2,2020-02-15,2020-06-16,PSL
2020.3,2020-06-17,2020-12-09,DEM
2020.3,2020-06-17,2020-12-09,NOVO
2020.3,2020-06-17,2020-12-09,PATRIOTA
2020.3,2020-06-17,2020-12-09,PL
2020.3,2020-06-17,2020-12-09,REPUBLICANOS
2020.3,2020-06-17,2020-12-09,PSD
2020.3,2020-06-17,2020-12-09,PSDB
2020.3,2020-06-17,2020-12-09,PSL
2020.4,2020-12-10,2021-03-28,DEM
2020.4,2020-12-10,2021-03-28,NOVO
2020.4,2020-12-10,2021-03-28,PATRIOTA
2020.4,2020-12-10,2021-03-28,PL
2020.4,2020-12-10,2021-03-28,REPUBLICANOS
2020.4,2020-12-10,2021-03-28,PSD
2020.4,2020-12-10,2021-03-28,PSDB
2021.1,2021-03-29,2021-06-23,DEM
2021.1,2021-03-29,2021-06-23,NOVO
2021.1,2021-03-29,2021-06-23,PATRIOTA
2021.1,2021-03-29,2021-06-23,PL
2021.1,2021-03-29,2021-06-23,REPUBLICANOS
2021.1,2021-03-29,2021-06-23,PSD
2021.1,2021-03-29,2021-06-23,PSDB
2021.1,2021-03-29,2021-06-23,PSL
2021.2,2021-06-24,2021-08-03,DEM
2021.2,2021-06-24,2021-08-03,PATRIOTA
2021.2,2021-06-24,2021-08-03,PL
2021.2,2021-06-24,2021-08-03,REPUBLICANOS
2021.2,2021-06-24,2021-08-03,PSD
2021.2,2021-06-24,2021-08-03,PSDB
2021.2,2021-06-24,2021-08-03,PSL
2021.3,2021-08-04,2022-02-07,DEM
2021.3,2021-08-04,2022-02-07,PATRIOTA
2021.3,2021-08-04,2022-02-07,PP
2021.3,2021-08-04,2022-02-07,PL
2021.3,2021-08-04,2022-02-07,REPUBLICANOS
2021.3,2021-08-04,2022-02-07,PSD
2021.3,2021-08-04,2022-02-07,PSDB
2021.3,2021-08-04,2022-02-07,PSL
2022.1,2022-02-08,2022-03-31,PATRIOTA
2022.1,2022-02-08,2022-03-31,PP
2022.1,2022-02-08,2022-03-31,PL
2022.1,2022-02-08,2022-03-31,REPUBLICANOS
2022.1,2022-02-08,2022-03-31,PSD
2022.1,2022-02-08,2022-03-31,PSDB
2022.1,2022-02-08,2022-03-31,UNIÃO
2022.2,2022-04-01,2022-04-01,PATRIOTA
2022.2,2022-04-01,2022-04-01,PP
2022.2,2022-04-01,2022-04-01,PL
2022.2,2022-04-01,2022-04-01,REPUBLICANOS
2022.2,2022-04-01,2022-04-01,PSD
2022.2,2022-04-01,2022-04-01,UNIÃO
2022.3,2022-04-02,2022-12-31,PATRIOTA
2022.3,2022-04-02,2022-12-31,PP
2022.3,2022-04-02,2022-12-31,REPUBLICANOS
2022.3,2022-04-02,2022-12-31,PSD
2022.3,2022-04-02,2022-12-31,UNIÃO
2023.1,2023-01-01,2023-09-12,MDB
2023.1,2023-01-01,2023-09-12,PCdoB
2023.1,2023-01-01,2023-09-12,PDT
2023.1,2023-01-01,2023-09-12,PSB
2023.1,2023-01-01,2023-09-12,PSD
2023.1,2023-01-01,2023-09-12,PSOL
2023.1,2023-01-01,2023-09-12,PT
2023.1,2023-01-01,2023-09-12,REDE
2023.1,2023-01-01,2023-09-12,UNIÃO
2023.2,2023-09-13,2025-12-23,MDB
2023.2,2023-09-13,2025-12-23,PCdoB
2023.2,2023-09-13,2025-12-23,PDT
2023.2,2023-09-13,2025-12-23,PP
2023.2,2023-09-13,2025-12-23,PSB
2023.2,2023-09-13,2025-12-23,PSD
2023.2,2023-09-13,2025-12-23,PSOL
2023.2,2023-09-13,2025-12-23,PT
2023.2,2023-09-13,2025-12-23,REDE
2023.2,2023-09-13,2025-12-23,REPUBLICANOS
2023.2,2023-09-13,2025-12-23,UNIÃO
2025.1,2025-12-24,2026-03-19,MDB
2025.1,2025-12-24,2026-03-19,PCdoB
2025.1,2025-12-24,2026-03-19,PDT
2025.1,2025-12-24,2026-03-19,PP
2025.1,2025-12-24,2026-03-19,PSB
2025.1,2025-12-24,2026-03-19,PSD
2025.1,2025-12-24,2026-03-19,PSOL
2025.1,2025-12-24,2026-03-19,PT
2025.1,2025-12-24,2026-03-19,REDE
2025.1,2025-12-24,2026-03-19,REPUBLICANOS
